Исходный текст,Распознанный текст,Предсказанная группа,Индекс группы,Уверенность (%),Результат,Русских букв,Латинских букв,Цифр
Глюкоза_0,Глю коза,глюкоза,-,93.33,🟠 Частичное совпадение,7,0,0
Глюкоза_1,Глюкозa,глюкоза,-,100.00,✔️ Полное совпадение,6,1,0
Глюкоза_3,Глю kоза,глюкоза,-,93.33,🟠 Частичное совпадение,6,1,0
Глюкоза_4,Глю коз,глюкоза,-,85.71,🟠 Частичное совпадение,6,0,0
Глюкоза сывороточная_0,Глюоза сывороточна,глюкоза,-,94.74,🟠 Частичное совпадение,17,0,0
Глюкоза сывороточная_1,юкоза сывороточная,глюкоза,-,94.74,🟠 Частичное совпадение,17,0,0
Глюкоза сывороточная_2,Глюкоза сывороточн ая,глюкоза,-,97.56,🟠 Частичное совпадение,19,0,0
Глюкоза сывороточная_3,Глюкоза сыворо точнАя,глюкоза,-,97.56,🟠 Частичное совпадение,19,0,0
Глюкоза сывороточная_4,Глюкозa сывороточная,глюкоза,-,100.00,✔️ Полное совпадение,18,1,0
Глюкоза сывороточная_5,ГлюкозА сывороточная,глюкоза,-,100.00,✔️ Полное совпадение,19,0,0
Глюкоза сывороточная_7,Глюкоза сывороточн,глюкоза,-,94.74,🟠 Частичное совпадение,17,0,0
Сахар_0,Сахаp,глюкоза,-,100.00,✔️ Полное совпадение,4,1,0
Сахар в крови_0,Саxар в крОви,глюкоза,-,100.00,✔️ Полное совпадение,10,1,0
Сахар в крови_1,Сахар в к рови,глюкоза,-,96.30,🟠 Частичное совпадение,11,0,0
Сахар в крови_2,Сахар  в кроВи,глюкоза,-,100.00,✔️ Полное совпадение,11,0,0
Сахар в крови_3,ахар в крови,глюкоза,-,96.00,🟠 Частичное совпадение,10,0,0
Сахар в крови_4,Сахар в крои,глюкоза,-,96.00,🟠 Частичное совпадение,10,0,0
Сахар в крови_6,Саар в крови,глюкоза,-,96.00,🟠 Частичное совпадение,10,0,0
Сахар в крови_7,Сахар в кровИ,глюкоза,-,100.00,✔️ Полное совпадение,11,0,0
Декстроза_0,ДeкстрозА,глюкоза,-,100.00,✔️ Полное совпадение,8,1,0
Декстроза_1,Декс троз,глюкоза,-,88.89,🟠 Частичное совпадение,8,0,0
Декстроза_2,Декстр оза,глюкоза,-,94.74,🟠 Частичное совпадение,9,0,0
Декстроза_3,Дек строза,глюкоза,-,94.74,🟠 Частичное совпадение,9,0,0
Декстроза_5,Де кстроза,глюкоза,-,94.74,🟠 Частичное совпадение,9,0,0
Глюкоза плазмы_1,люоза плазмы,глюкоза,-,92.31,🟠 Частичное совпадение,11,0,0
Глюкоза плазмы_2,Глюкоза пл,глюкоза,-,83.33,🟠 Частичное совпадение,9,0,0
Глюкоза плазмы_3,Глюкоа плазмы,глюкоза,-,96.30,🟠 Частичное совпадение,12,0,0
Глюкоза плазмы_4,Глюкоза  плазмы,глюкоза,-,100.00,✔️ Полное совпадение,13,0,0
Глюкоза плазмы_5,Глюкз плазмы,глюкоза,-,92.31,🟠 Частичное совпадение,11,0,0
Глюкоза плазмы_6,Глюкоза плазМы,глюкоза,-,100.00,✔️ Полное совпадение,13,0,0
Глюкоза плазмы_7,Глюкоза плАзмы,глюкоза,-,100.00,✔️ Полное совпадение,13,0,0
Мочевина_1,Моч евина,мочевина,1,94.12,🟠 Частичное совпадение,8,0,0
Мочевина_2,Моче вина,мочевина,1,94.12,🟠 Частичное совпадение,8,0,0
Мочевина_3,Мочев ин,мочевина,1,87.50,🟠 Частичное совпадение,7,0,0
Мочевина_4,Мочевинa,мочевина,1,100.00,✔️ Полное совпадение,7,1,0
Азот мочевины_0,Азот мчевины,мочевина,1,96.00,🟠 Частичное совпадение,11,0,0
Азот мочевины_1,Азот мочеины,мочевина,1,96.00,🟠 Частичное совпадение,11,0,0
Азот мочевины_2,Азо т мочевины,мочевина,1,96.30,🟠 Частичное совпадение,12,0,0
Азот мочевины_3,от мочевины,мочевина,1,91.67,🟠 Частичное совпадение,10,0,0
Азот мочевины_4,зот мочевины,мочевина,1,96.00,🟠 Частичное совпадение,11,0,0
Азот мочевины_5,Азот мочеви,мочевина,1,91.67,🟠 Частичное совпадение,10,0,0
Азот мочевины_6,Азо мочевины,мочевина,1,96.00,🟠 Частичное совпадение,11,0,0
Остаточный азот крови_0,Остаточн ыйазот крови,мочевина,1,95.24,🟠 Частичное совпадение,19,0,0
Остаточный азот крови_2,ОстаточнЫй азот крови,мочевина,1,100.00,✔️ Полное совпадение,19,0,0
Остаточный азот крови_3,Остаточный азот рОви,мочевина,1,97.56,🟠 Частичное совпадение,18,0,0
Остаточный азот крови_4,ОстаточнЫй азот рови,мочевина,1,97.56,🟠 Частичное совпадение,18,0,0
Остаточный азот крови_5,Остаточный азот кРови,мочевина,1,100.00,✔️ Полное совпадение,19,0,0
Остаточный азот крови_6,ОстатОчный азот крови,мочевина,1,100.00,✔️ Полное совпадение,19,0,0
Остаточный азот крови_7,Остаточный азот рови,мочевина,1,97.56,🟠 Частичное совпадение,18,0,0
Небелковый азот крови_0,ебелковый азот  крови,мочевина,1,97.56,🟠 Частичное совпадение,18,0,0
Небелковый азот крови_1,ебелковый азот крови,мочевина,1,97.56,🟠 Частичное совпадение,18,0,0
Небелковый азот крови_2,Небелковый  азот крови,мочевина,1,100.00,✔️ Полное совпадение,19,0,0
Небелковый азот крови_3,Небелковый азо т крови,мочевина,1,97.67,🟠 Частичное совпадение,19,0,0
Небелковый азот крови_4,Небелковый азот кpови,мочевина,1,100.00,✔️ Полное совпадение,18,1,0
Небелковый азот крови_5,Небелковый азот кровИ,мочевина,1,100.00,✔️ Полное совпадение,19,0,0
Небелковый азот крови_6,Неелковый азот крови,мочевина,1,97.56,🟠 Частичное совпадение,18,0,0
Urea_0,Ureа,мочевина,1,100.00,✔️ Полное совпадение,1,3,0
Urea_1,Urеa,мочевина,1,100.00,✔️ Полное совпадение,1,3,0
BUN (Blood Urea Nitrogen)_0,BUN (Blood Urea Nitr0gen),мочевина,1,100.00,✔️ Полное совпадение,0,19,1
BUN (Blood Urea Nitrogen)_1,N (Blood Urea Nitrogen),мочевина,1,95.45,🟠 Частичное совпадение,0,18,0
BUN (Blood Urea Nitrogen)_3,BUN (Blood Urea nitrogen),мочевина,1,100.00,✔️ Полное совпадение,0,20,0
BUN (Blood Urea Nitrogen)_4,UN (Blood Urea Nitrogen),мочевина,1,97.78,🟠 Частичное совпадение,0,19,0
BUN (Blood Urea Nitrogen)_5,BUN (Blood Urea Nitogen),мочевина,1,97.78,🟠 Частичное совпадение,0,19,0
BUN (Blood Urea Nitrogen)_6,BUN (BLood Urea Nitrogen),мочевина,1,100.00,✔️ Полное совпадение,0,20,0
BUN (Blood Urea Nitrogen)_7,BUN (Blood Ura Nitrogen),мочевина,1,97.78,🟠 Частичное совпадение,0,19,0
Креатинин_1,Кр еатинин,креатинин,2,94.74,🟠 Частичное совпадение,9,0,0
Креатинин_2,Креати нин,креатинин,2,94.74,🟠 Частичное совпадение,9,0,0
Creatinine_0,Creatininе,креатинин,2,100.00,✔️ Полное совпадение,1,9,0
Creatinine_2,Cre atinine,креатинин,2,95.24,🟠 Частичное совпадение,0,10,0
Creatinine_3,Cratini ne,креатинин,2,90.00,🟠 Частичное совпадение,0,9,0
Creatinine_4,Creatini ne,креатинин,2,95.24,🟠 Частичное совпадение,0,10,0
Креатинин сывороточный_0,Креатин ин сывороточный,креатинин,2,97.78,🟠 Частичное совпадение,21,0,0
Креатинин сывороточный_1,КреАтинин сывороточный,креатинин,2,100.00,✔️ Полное совпадение,21,0,0
Креатинин сывороточный_2,К реатинин сывороточный,креатинин,2,97.78,🟠 Частичное совпадение,21,0,0
Креатинин сывороточный_4,Креа тинин сывороточный,креатинин,2,97.78,🟠 Частичное совпадение,21,0,0
Креатинин сывороточный_5,Кре атинин сывороточный,креатинин,2,97.78,🟠 Частичное совпадение,21,0,0
Креатинин сывороточный_6,Креатинин сывороточ ный,креатинин,2,97.78,🟠 Частичное совпадение,21,0,0
Креатинин сывороточный_7,Креатинин сыворОточны,креатинин,2,97.67,🟠 Частичное совпадение,20,0,0
Общий холестерин_0,Общий хОлестерИн,общий холестерин,3,100.00,✔️ Полное совпадение,15,0,0
Общий холестерин_1,Общий холестери,общий холестерин,3,96.77,🟠 Частичное совпадение,14,0,0
Общий холестерин_2,Общий холестерн,общий холестерин,3,96.77,🟠 Частичное совпадение,14,0,0
Общий холестерин_3,Общий холестер,общий холестерин,3,93.33,🟠 Частичное совпадение,13,0,0
Общий холестерин_4,ОбщиЙ холестерин,общий холестерин,3,100.00,✔️ Полное совпадение,15,0,0
Общий холестерин_6,Общий Холетерин,общий холестерин,3,96.77,🟠 Частичное совпадение,14,0,0
Общий холестерин_7,Общий  холестерин,общий холестерин,3,100.00,✔️ Полное совпадение,15,0,0
Cholesterol_0,hole sterol,общий холестерин,3,90.91,🟠 Частичное совпадение,0,10,0
Cholesterol_1,CholЕsterol,общий холестерин,3,100.00,✔️ Полное совпадение,1,10,0
Cholesterol_2,Cholester o,общий холестерин,3,90.91,🟠 Частичное совпадение,0,10,0
Cholesterol_3,Cho lesterol,общий холестерин,3,95.65,🟠 Частичное совпадение,0,11,0
Cholesterol_4,Chol ester0l,общий холестерин,3,95.65,🟠 Частичное совпадение,0,10,1
Cholesterol_6,Choleste rol,общий холестерин,3,95.65,🟠 Частичное совпадение,0,11,0
Холестерин_1,Холесте рин,общий холестерин,3,95.24,🟠 Частичное совпадение,10,0,0
Холестерин_2,ХолeстериН,общий холестерин,3,100.00,✔️ Полное совпадение,9,1,0
Холестерин_3,о лестерин,общий холестерин,3,90.00,🟠 Частичное совпадение,9,0,0
Холестерол_0,Холестеpол,общий холестерин,3,100.00,✔️ Полное совпадение,9,1,0
Холестерол_1,Хол естерол,общий холестерин,3,95.24,🟠 Частичное совпадение,10,0,0
Холестерол_2,Холестер ол,общий холестерин,3,95.24,🟠 Частичное совпадение,10,0,0
Холестерол_3,Холес терол,общий холестерин,3,95.24,🟠 Частичное совпадение,10,0,0
Холестерол_5,Хoлестерол,общий холестерин,3,100.00,✔️ Полное совпадение,9,1,0
Холестерол_6,Х олестерол,общий холестерин,3,95.24,🟠 Частичное совпадение,10,0,0
Холестерол_7,Холе стерол,общий холестерин,3,95.24,🟠 Частичное совпадение,10,0,0
Total Cholesterol_0,Total Cholester0l,общий холестерин,3,100.00,✔️ Полное совпадение,0,15,1
Total Cholesterol_1,Total Ch Olesterol,общий холестерин,3,97.14,🟠 Частичное совпадение,0,16,0
Total Cholesterol_2,tal CHolesterol,общий холестерин,3,93.75,🟠 Частичное совпадение,0,14,0
Total Cholesterol_3,Total Cholestrol,общий холестерин,3,96.97,🟠 Частичное совпадение,0,15,0
Total Cholesterol_5,tal Cholester0l,общий холестерин,3,93.75,🟠 Частичное совпадение,0,13,1
Total Cholesterol_6,ToTal Cholesterol,общий холестерин,3,100.00,✔️ Полное совпадение,0,16,0
Total Cholesterol_7,Total Cholestero,общий холестерин,3,96.97,🟠 Частичное совпадение,0,15,0
Холестерин ЛПНП_0,лестерин ЛПП,лпнп,4,88.89,🟠 Частичное совпадение,11,0,0
Холестерин ЛПНП_1,олестерин ЛПНП,лпнп,4,96.55,🟠 Частичное совпадение,13,0,0
Холестерин ЛПНП_2,ХОлестерин ЛПНП,лпнп,4,100.00,✔️ Полное совпадение,14,0,0
Холестерин ЛПНП_4,Холестер и ЛПНП,лпнп,4,93.33,🟠 Частичное совпадение,13,0,0
Холестерин ЛПНП_5,ХолЕстерин ЛПНП,лпнп,4,100.00,✔️ Полное совпадение,14,0,0
Холестерин ЛПНП_6,Холестерин ЛНП,лпнп,4,96.55,🟠 Частичное совпадение,13,0,0
Холестерин ЛПНП_7,Холестерин ЛПН,лпнп,4,96.55,🟠 Частичное совпадение,13,0,0
Холестерин-ЛПНП_0,Х олестерин-ЛПНП,лпнп,4,96.55,🟠 Частичное совпадение,14,0,0
Холестерин-ЛПНП_1,лестерин-ЛПН,лпнп,4,88.00,🟠 Частичное совпадение,11,0,0
Холестерин-ЛПНП_2,ХолестеРин-ЛПНП,лпнп,4,100.00,✔️ Полное совпадение,14,0,0
Холестерин-ЛПНП_3,ХоЛЕстерин-ЛПНП,лпнп,4,100.00,✔️ Полное совпадение,14,0,0
Холестерин-ЛПНП_4,олестерин-ЛП НП,лпнп,4,92.86,🟠 Частичное совпадение,13,0,0
Холестерин-ЛПНП_6,олестрин-ЛПНП,лпнп,4,92.31,🟠 Частичное совпадение,12,0,0
Холестерин-ЛПНП_7,Холестеpин-ЛНП,лпнп,4,96.30,🟠 Частичное совпадение,12,1,0
Х-ЛПНП_0,Х-ЛпНП,лпнп,4,100.00,✔️ Полное совпадение,5,0,0
Х ЛПНП_1,Х ЛПнП,лпнп,4,100.00,✔️ Полное совпадение,5,0,0
ХС ЛПНП_0,ХС  ЛПНП,лпнп,4,100.00,✔️ Полное совпадение,6,0,0
ХС ЛПНП_1,ХС ЛпНП,лпнп,4,100.00,✔️ Полное совпадение,6,0,0
ХС ЛПНП_2,ХС ЛП,лпнп,4,83.33,🟠 Частичное совпадение,4,0,0
ХС ЛПНП_3,Х С ЛпНП,лпнп,4,93.33,🟠 Частичное совпадение,6,0,0
ХС ЛПНП_4,С ЛПНП,лпнп,4,92.31,🟠 Частичное совпадение,5,0,0
ХС ЛПНП_6,хС лПНП,лпнп,4,100.00,✔️ Полное совпадение,6,0,0
ХС ЛПНП_7,ХС ЛПН,лпнп,4,92.31,🟠 Частичное совпадение,5,0,0
Липопротеины низкой плотности_0,Липопротеи ны низкой плотности,лпнп,4,98.31,🟠 Частичное совпадение,27,0,0
Липопротеины низкой плотности_1,Липопротеины низкой плотност,лпнп,4,98.25,🟠 Частичное совпадение,26,0,0
Липопротеины низкой плотности_2,Липопротеины н изкой плотности,лпнп,4,98.31,🟠 Частичное совпадение,27,0,0
Липопротеины низкой плотности_3,Липопротеины  низкой плотности,лпнп,4,100.00,✔️ Полное совпадение,27,0,0
Липопротеины низкой плотности_4,Липопротеины низкой пл отности,лпнп,4,98.31,🟠 Частичное совпадение,27,0,0
Липопротеины низкой плотности_6,Липопротеины низкой плотно сти,лпнп,4,98.31,🟠 Частичное совпадение,27,0,0
Липопротеины низкой плотности_7,Липопротeины низкой плотНости,лпнп,4,100.00,✔️ Полное совпадение,26,1,0
Плохой холестерол_0,Пл охой холестерол,лпнп,4,97.14,🟠 Частичное совпадение,16,0,0
Плохой холестерол_1,Плохой холестер оЛ,лпнп,4,97.14,🟠 Частичное совпадение,16,0,0
Плохой холестерол_2,Плохой холеСтерол,лпнп,4,100.00,✔️ Полное совпадение,16,0,0
Плохой холестерол_4,ПлОхой холстерол,лпнп,4,96.97,🟠 Частичное совпадение,15,0,0
Плохой холестерол_5,Плохой олестерол,лпнп,4,96.97,🟠 Частичное совпадение,15,0,0
Плохой холестерол_6,Плохой холеcтерол,лпнп,4,100.00,✔️ Полное совпадение,15,1,0
Плохой холестерол_7,ПЛохой холестерол,лпнп,4,100.00,✔️ Полное совпадение,16,0,0
Low-Density Lipoprotein_0,Low-De nsity Lipoprotein,лпнп,4,97.78,🟠 Частичное совпадение,0,21,0
Low-Density Lipoprotein_1,Low-Density LipoprotEin,лпнп,4,100.00,✔️ Полное совпадение,0,21,0
Low-Density Lipoprotein_2,Low-ensity Lipoprotein,лпнп,4,97.67,🟠 Частичное совпадение,0,20,0
Low-Density Lipoprotein_3,Low-Density Lipoprote,лпнп,4,95.24,🟠 Частичное совпадение,0,19,0
Low-Density Lipoprotein_4,LowDe nsity Lipoprotein,лпнп,4,97.78,🟠 Частичное совпадение,0,21,0
Low-Density Lipoprotein_5,Low-Density Lipopotein,лпнп,4,97.67,🟠 Частичное совпадение,0,20,0
Low-Density Lipoprotein_6,LoW-Density Lipoprotein,лпнп,4,100.00,✔️ Полное совпадение,0,21,0
Low-Density Lipoprotein_7,Low-Dеnsity Lipoprotein,лпнп,4,100.00,✔️ Полное совпадение,1,20,0
Холестерин ЛПВП_0,ХОлестериН ЛПВП,лпвп,5,100.00,✔️ Полное совпадение,14,0,0
Холестерин ЛПВП_1,Х олестерин ЛПВП,лпвп,5,96.77,🟠 Частичное совпадение,14,0,0
Холестерин ЛПВП_2,ХолесТерин ЛПВП,лпвп,5,100.00,✔️ Полное совпадение,14,0,0
Холестерин ЛПВП_3,ХолестеРин ЛПВП,лпвп,5,100.00,✔️ Полное совпадение,14,0,0
Холестерин ЛПВП_4,Холестрин ЛПВП,лпвп,5,96.55,🟠 Частичное совпадение,13,0,0
Холестерин ЛПВП_5,Холе стерин ЛПВП,лпвп,5,96.77,🟠 Частичное совпадение,14,0,0
Холестерин ЛПВП_7,Холeстерин ЛПВ,лпвп,5,96.55,🟠 Частичное совпадение,12,1,0
Холестерин-ЛПВП_0,лестерин-ЛПВП,лпвп,5,92.31,🟠 Частичное совпадение,12,0,0
Холестерин-ЛПВП_1,Х олестерин-ЛпВП,лпвп,5,96.55,🟠 Частичное совпадение,14,0,0
Холестерин-ЛПВП_2,олестерин-ЛПВП,лпвп,5,96.30,🟠 Частичное совпадение,13,0,0
Холестерин-ЛПВП_3,Холестерин-ЛПВ,лпвп,5,96.30,🟠 Частичное совпадение,13,0,0
Холестерин-ЛПВП_4,ХолЕстерин-ЛПВП,лпвп,5,100.00,✔️ Полное совпадение,14,0,0
Холестерин-ЛПВП_5,Холестерин-ЛВП,лпвп,5,96.30,🟠 Частичное совпадение,13,0,0
Холестерин-ЛПВП_6,ХолeстеринЛПВП,лпвп,5,100.00,✔️ Полное совпадение,13,1,0
Х-ЛПВП_1,Х-лПВП,лпвп,5,100.00,✔️ Полное совпадение,5,0,0
Х-ЛПВП_2,х-ЛПВП,лпвп,5,100.00,✔️ Полное совпадение,5,0,0
Х ЛПВП_0,Х ЛпВП,лпвп,5,100.00,✔️ Полное совпадение,5,0,0
Х ЛПВП_1,Х ЛПвП,лпвп,5,100.00,✔️ Полное совпадение,5,0,0
ХС ЛПВП_0,ХС  ЛПВ,лпвп,5,92.31,🟠 Частичное совпадение,5,0,0
ХС ЛПВП_1,Хс ЛПВП,лпвп,5,100.00,✔️ Полное совпадение,6,0,0
ХС ЛПВП_2,ХС ЛПвП,лпвп,5,100.00,✔️ Полное совпадение,6,0,0
ХС ЛПВП_3,Х ЛПВП,лпвп,5,100.00,✔️ Полное совпадение,5,0,0
ХС ЛПВП_4,ХС ПВП,лпвп,5,92.31,🟠 Частичное совпадение,5,0,0
ХС ЛПВП_5,ХС ЛпВП,лпвп,5,100.00,✔️ Полное совпадение,6,0,0
ХС ЛПВП_6,Х С ЛПВП,лпвп,5,93.33,🟠 Частичное совпадение,6,0,0
Липопротеины высокой плотности_0,иппротеины высокой плотности,лпвп,5,96.55,🟠 Частичное совпадение,26,0,0
Липопротеины высокой плотности_2,Липoпротеины высокой плотности,лпвп,5,100.00,✔️ Полное совпадение,27,1,0
Липопротеины высокой плотности_3,Липопротеины выокой плотности,лпвп,5,98.31,🟠 Частичное совпадение,27,0,0
Липопротеины высокой плотности_4,Липопрoтеины высокой плотности,лпвп,5,100.00,✔️ Полное совпадение,27,1,0
Липопротеины высокой плотности_5,Липопротеины высоКой плотности,лпвп,5,100.00,✔️ Полное совпадение,28,0,0
Липопротеины высокой плотности_6,Липопротеины высоКой плoтности,лпвп,5,100.00,✔️ Полное совпадение,27,1,0
Липопротеины высокой плотности_7,Липопротеиы выСокой плотности,лпвп,5,98.31,🟠 Частичное совпадение,27,0,0
High-Density Lipoprotein_1,Hih-Density Lipoprotein,лпвп,5,97.78,🟠 Частичное совпадение,0,21,0
High-Density Lipoprotein_2,HigH-Density Lipoprotein,лпвп,5,100.00,✔️ Полное совпадение,0,22,0
High-Density Lipoprotein_3,igh-DensityLipoprotein,лпвп,5,95.45,🟠 Частичное совпадение,0,21,0
High-Density Lipoprotein_4,High- Density Lipoprotein,лпвп,5,97.87,🟠 Частичное совпадение,0,22,0
High-Density Lipoprotein_5,High-Density LipoprotEin,лпвп,5,100.00,✔️ Полное совпадение,0,22,0
High-Density Lipoprotein_6,igh-Density Lipoprotein,лпвп,5,97.78,🟠 Частичное совпадение,0,21,0
High-Density Lipoprotein_7,High-Density Lipoprote,лпвп,5,95.45,🟠 Частичное совпадение,0,20,0
Хороший холестерол_0,Хороший хол естерол,лпвп,5,97.30,🟠 Частичное совпадение,17,0,0
Хороший холестерол_1,Хороший холестеро,лпвп,5,97.14,🟠 Частичное совпадение,16,0,0
Хороший холестерол_3,pоший холестерол,лпвп,5,94.12,🟠 Частичное совпадение,14,1,0
Хороший холестерол_4,Хороший холестрол,лпвп,5,97.14,🟠 Частичное совпадение,16,0,0
Хороший холестерол_5,Хороший холеСтерол,лпвп,5,100.00,✔️ Полное совпадение,17,0,0
Хороший холестерол_6,роший холестерол,лпвп,5,94.12,🟠 Частичное совпадение,15,0,0
Хороший холестерол_7,Хороший холестЕрол,лпвп,5,100.00,✔️ Полное совпадение,17,0,0
Холестерин ЛПОНП_0,Холестерин ЛП ОНП,лпонп,6,96.97,🟠 Частичное совпадение,15,0,0
Холестерин ЛПОНП_1,Холестерин ЛПОнП,лпонп,6,100.00,✔️ Полное совпадение,15,0,0
Холестерин ЛПОНП_2,Холестерин ЛПОНп,лпонп,6,100.00,✔️ Полное совпадение,15,0,0
Холестерин ЛПОНП_3,олестерин ЛПОНП,лпонп,6,96.77,🟠 Частичное совпадение,14,0,0
Холестерин ЛПОНП_5,Холеcтерин ЛПОНП,лпонп,6,100.00,✔️ Полное совпадение,14,1,0
Холестерин ЛПОНП_6,Холесте рин ЛПОНП,лпонп,6,96.97,🟠 Частичное совпадение,15,0,0
Холестерин ЛПОНП_7,Холестерин ЛП,лпнп,4,92.86,❌ Неверное совпадение,12,0,0
Холестерин-ЛПОНП_1,ХолестеринЛП ОНП,лпонп,6,96.77,🟠 Частичное совпадение,15,0,0
Холестерин-ЛПОНП_2,ХолЕстерин-ЛПОН,лпонп,6,96.55,🟠 Частичное совпадение,14,0,0
Холестерин-ЛПОНП_3,ХолестеринЛ ПОНП,лпонп,6,96.77,🟠 Частичное совпадение,15,0,0
Холестерин-ЛПОНП_4,Холестери-ЛПНП,лпнп,4,96.30,❌ Неверное совпадение,13,0,0
Холестерин-ЛПОНП_5,Холестерин-ПОНП,лпонп,6,96.55,🟠 Частичное совпадение,14,0,0
Холестерин-ЛПОНП_6,Холестрин-ЛПОНП,лпонп,6,96.55,🟠 Частичное совпадение,14,0,0
Холестерин-ЛПОНП_7,олестерин-ЛПОН,лпонп,6,92.86,🟠 Частичное совпадение,13,0,0
Х-ЛПОНП_0,Х-ЛП ОНП,лпонп,6,92.31,🟠 Частичное совпадение,6,0,0
Х-ЛПОНП_1,Х-Л ПОНП,лпонп,6,92.31,🟠 Частичное совпадение,6,0,0
Х-ЛПОНП_2,Х-ЛПОН,лпонп,6,90.91,🟠 Частичное совпадение,5,0,0
Х-ЛПОНП_3,Х-ЛПОНп,лпонп,6,100.00,✔️ Полное совпадение,6,0,0
Х-ЛПОНП_5,Х-ЛПО,лпонп,6,80.00,🟠 Частичное совпадение,4,0,0
Х-ЛПОНП_6,Х-ЛПОнП,лпонп,6,100.00,✔️ Полное совпадение,6,0,0
Х-ЛПОНП_7,Х-ЛПоНП,лпонп,6,100.00,✔️ Полное совпадение,6,0,0
Х ЛПОНП_1,х ЛПО,лпонп,6,83.33,🟠 Частичное совпадение,4,0,0
Х ЛПОНП_2,Х  ЛПОНП,лпонп,6,100.00,✔️ Полное совпадение,6,0,0
Х ЛПОНП_3,Х ПОНП,лпонп,6,92.31,🟠 Частичное совпадение,5,0,0
Х ЛПОНП_4,Х ЛПОНп,лпонп,6,100.00,✔️ Полное совпадение,6,0,0
Х ЛПОНП_5,Х ЛПОП,лпонп,6,92.31,🟠 Частичное совпадение,5,0,0
ХС ЛПОНП_0, ЛПОНП,лпонп,6,90.91,🟠 Частичное совпадение,5,0,0
ХС ЛПОНП_1,Х ЛП ОНП,лпонп,6,93.33,🟠 Частичное совпадение,6,0,0
ХС ЛПОНП_3,Х С ЛПНП,лпнп,4,93.33,❌ Неверное совпадение,6,0,0
ХС ЛПОНП_4,Хс ЛПОНП,лпонп,6,100.00,✔️ Полное совпадение,7,0,0
ХС ЛПОНП_5,ХС лПОНП,лпонп,6,100.00,✔️ Полное совпадение,7,0,0
ХС ЛПОНП_6,ХС ПОНП,лпонп,6,93.33,🟠 Частичное совпадение,6,0,0
ХС ЛПОНП_7,ХС ЛП ОНП,лпонп,6,94.12,🟠 Частичное совпадение,7,0,0
Липопротеины очень низкой плотности_0,ипопротеины очень низкой плотности,лпонп,6,98.55,🟠 Частичное совпадение,31,0,0
Липопротеины очень низкой плотности_1,ЛИпоротеины очень низкой плотности,лпонп,6,98.55,🟠 Частичное совпадение,31,0,0
Липопротеины очень низкой плотности_2,Липопротеины очень низкойплотности,лпонп,6,98.55,🟠 Частичное совпадение,32,0,0
Липопротеины очень низкой плотности_3,попротеины очень низкой плотности,лпонп,6,97.06,🟠 Частичное совпадение,30,0,0
Липопротеины очень низкой плотности_4,Липопр отеины очень низкой плотности,лпонп,6,98.59,🟠 Частичное совпадение,32,0,0
Липопротеины очень низкой плотности_5,Липопротеины оченЬ низкой плотности,лпонп,6,100.00,✔️ Полное совпадение,32,0,0
Липопротеины очень низкой плотности_7,Липопротеины очень низкой плоТности,лпонп,6,100.00,✔️ Полное совпадение,32,0,0
Very Low-Density Lipoprotein_0,Very Low-Density LipoProtein,лпонп,6,100.00,✔️ Полное совпадение,0,25,0
Very Low-Density Lipoprotein_2,Very Low-Densty Lipoprotein,лпонп,6,98.11,🟠 Частичное совпадение,0,24,0
Very Low-Density Lipoprotein_3,V ery LowDensity Lipoprotein,лпонп,6,98.18,🟠 Частичное совпадение,0,25,0
Very Low-Density Lipoprotein_4,Vey LowDensity Lipoprotein,лпонп,6,98.11,🟠 Частичное совпадение,0,24,0
Very Low-Density Lipoprotein_5,Very Low-Density LipopRotein,лпонп,6,100.00,✔️ Полное совпадение,0,25,0
Very Low-Density Lipoprotein_6,Very Low-Density LiPoprotei,лпонп,6,98.11,🟠 Частичное совпадение,0,24,0
Very Low-Density Lipoprotein_7,Very Low-Density Lipop rotein,лпонп,6,98.18,🟠 Частичное совпадение,0,25,0
Триглицериды_0,Триглицери ды,триглицериды,7,96.00,🟠 Частичное совпадение,12,0,0
Триглицериды_1,ТриГлицер иды,триглицериды,7,96.00,🟠 Частичное совпадение,12,0,0
Триглицериды_2,Триглице ри,триглицериды,7,86.96,🟠 Частичное совпадение,10,0,0
Триглицериды_3,Триглицер иды,триглицериды,7,96.00,🟠 Частичное совпадение,12,0,0
Triglycerides_1,Triglycеrides,триглицериды,7,100.00,✔️ Полное совпадение,1,12,0
Triglycerides_2,Triglyсerides,триглицериды,7,100.00,✔️ Полное совпадение,1,12,0
Фосфолипиды_1,Фосф олипиды,фосфолипиды,8,95.65,🟠 Частичное совпадение,11,0,0
Фосфолипиды_2,Фоcфолипиды,фосфолипиды,8,100.00,✔️ Полное совпадение,10,1,0
Фосфолипиды_3,Фоcфо липиды,фосфолипиды,8,95.65,🟠 Частичное совпадение,10,1,0
Фосфолипиды_4,Фосфолипи ды,фосфолипиды,8,95.65,🟠 Частичное совпадение,11,0,0
Фосфолипиды_5,Фосфo липиды,фосфолипиды,8,95.65,🟠 Частичное совпадение,10,1,0
Phospholipids_0,ph0spholipids,фосфолипиды,8,100.00,✔️ Полное совпадение,0,12,1
Phospholipids_1,Phospholipi ds,фосфолипиды,8,96.30,🟠 Частичное совпадение,0,13,0
Phospholipids_2,Ph0spholipids,фосфолипиды,8,100.00,✔️ Полное совпадение,0,12,1
Phospholipids_3,Phosphoiрids,фосфолипиды,8,96.00,🟠 Частичное совпадение,1,11,0
Phospholipids_4,Phosph0lipids,фосфолипиды,8,100.00,✔️ Полное совпадение,0,12,1
Общий билирубин_0,Общий билируби,билирубин общий,9,96.55,🟠 Частичное совпадение,13,0,0
Общий билирубин_1,Общий би лирубин,билирубин общий,9,96.77,🟠 Частичное совпадение,14,0,0
Общий билирубин_2,бщиЙ билирубин,билирубин общий,9,96.55,🟠 Частичное совпадение,13,0,0
Общий билирубин_4,бщий билирубин,билирубин общий,9,96.55,🟠 Частичное совпадение,13,0,0
Общий билирубин_5,Общий илирубин,билирубин общий,9,96.55,🟠 Частичное совпадение,13,0,0
Общий билирубин_6,Общий билирyбин,билирубин общий,9,100.00,✔️ Полное совпадение,13,1,0
Общий билирубин_7,щий билирубин,билирубин общий,9,92.86,🟠 Частичное совпадение,12,0,0
Total Bilirubin_1,T otal Bilirubin,билирубин общий,9,96.77,🟠 Частичное совпадение,0,14,0
Total Bilirubin_2,Total Bilirbin,билирубин общий,9,96.55,🟠 Частичное совпадение,0,13,0
Total Bilirubin_3,Total Bilirubi,билирубин общий,9,96.55,🟠 Частичное совпадение,0,13,0
Total Bilirubin_4,tal Bilirub,билирубин общий,9,84.62,🟠 Частичное совпадение,0,10,0
Total Bilirubin_5,otal Bilirbin,билирубин общий,9,92.86,🟠 Частичное совпадение,0,12,0
Total Bilirubin_6,Total  Bilirubin,билирубин общий,9,100.00,✔️ Полное совпадение,0,14,0
Total Bilirubin_7,Total BiliRubi,билирубин общий,9,96.55,🟠 Частичное совпадение,0,13,0
TBIL_0,TB1L,билирубин общий,9,100.00,✔️ Полное совпадение,0,3,1
TBIL_1,T8IL,билирубин общий,9,100.00,✔️ Полное совпадение,0,3,1
Прямой билирубин_0,Прямой билирубИн,билирубин прямой,10,100.00,✔️ Полное совпадение,15,0,0
Прямой билирубин_1,Прямой билируби,билирубин прямой,10,96.77,🟠 Частичное совпадение,14,0,0
Прямой билирубин_2,ямой билирубин,билирубин прямой,10,93.33,🟠 Частичное совпадение,13,0,0
Прямой билирубин_3,П рямой билирубин,билирубин прямой,10,96.97,🟠 Частичное совпадение,15,0,0
Прямой билирубин_4,Прямoй билирубин,билирубин прямой,10,100.00,✔️ Полное совпадение,14,1,0
Прямой билирубин_5,Прямой билирубиН,билирубин прямой,10,100.00,✔️ Полное совпадение,15,0,0
Прямой билирубин_6,Прямой билируин,билирубин прямой,10,96.77,🟠 Частичное совпадение,14,0,0
Связанный билирубин_0,вязанный билируб,билирубин прямой,10,91.43,🟠 Частичное совпадение,15,0,0
Связанный билирубин_1,Сязанный б илирубин,билирубин прямой,10,94.74,🟠 Частичное совпадение,17,0,0
Связанный билирубин_2,Связанный билиpуби,билирубин прямой,10,97.30,🟠 Частичное совпадение,16,1,0
Связанный билирубин_3,Связанный билирубИн,билирубин прямой,10,100.00,✔️ Полное совпадение,18,0,0
Связанный билирубин_4,Связанны билирубин,билирубин прямой,10,97.30,🟠 Частичное совпадение,17,0,0
Связанный билирубин_6,Связанный билиpубин,билирубин прямой,10,100.00,✔️ Полное совпадение,17,1,0
Связанный билирубин_7,СвяЗанный билирубин,билирубин прямой,10,100.00,✔️ Полное совпадение,18,0,0
Конъюгированный билирубин_0,Конъюгированны й билирубин,билирубин прямой,10,98.04,🟠 Частичное совпадение,24,0,0
Конъюгированный билирубин_1,Конъюгированный бил ирубин,билирубин прямой,10,98.04,🟠 Частичное совпадение,24,0,0
Конъюгированный билирубин_3,Конъюгировaнный билирубиН,билирубин прямой,10,100.00,✔️ Полное совпадение,23,1,0
Конъюгированный билирубин_4,нъюгированный билирубин,билирубин прямой,10,95.83,🟠 Частичное совпадение,22,0,0
Конъюгированный билирубин_5,КонЪюгированный билирубин,билирубин прямой,10,100.00,✔️ Полное совпадение,24,0,0
Конъюгированный билирубин_6,онъюгированный билирубин,билирубин прямой,10,97.96,🟠 Частичное совпадение,23,0,0
Конъюгированный билирубин_7,Конъюгированный Билирубин,билирубин прямой,10,100.00,✔️ Полное совпадение,24,0,0
Direct Bilirubin_1,Direct Bilirubi,билирубин прямой,10,96.77,🟠 Частичное совпадение,0,14,0
Direct Bilirubin_2,rect Bilirubin,билирубин прямой,10,93.33,🟠 Частичное совпадение,0,13,0
Direct Bilirubin_3,Direct bilirubin,билирубин прямой,10,100.00,✔️ Полное совпадение,0,15,0
Direct Bilirubin_4,ir ect Bilirubin,билирубин прямой,10,93.75,🟠 Частичное совпадение,0,14,0
Direct Bilirubin_5,Direct B ilirub,билирубин прямой,10,90.32,🟠 Частичное совпадение,0,13,0
Direct Bilirubin_6,Direct Biliruin,билирубин прямой,10,96.77,🟠 Частичное совпадение,0,14,0
Direct Bilirubin_7,Direct B ilirubin,билирубин прямой,10,96.97,🟠 Частичное совпадение,0,15,0
Непрямой билирубин_1,Непрямой б илируБин,билирубин непрямой,11,97.30,🟠 Частичное совпадение,17,0,0
Непрямой билирубин_2,Непрмой  билирубин,билирубин непрямой,11,97.14,🟠 Частичное совпадение,16,0,0
Непрямой билирубин_3,епрямой билирубин,билирубин непрямой,11,97.14,🟠 Частичное совпадение,16,0,0
Непрямой билирубин_4,Непрямой билируин,билирубин непрямой,11,97.14,🟠 Частичное совпадение,16,0,0
Непрямой билирубин_5,Непямой билирубин,билирубин непрямой,11,97.14,🟠 Частичное совпадение,16,0,0
Непрямой билирубин_6,Непрямо й билирубин,билирубин непрямой,11,97.30,🟠 Частичное совпадение,17,0,0
Непрямой билирубин_7,НепрямоЙ билирубин,билирубин непрямой,11,100.00,✔️ Полное совпадение,17,0,0
Свободный билирубин_0,СвободныЙ билирубин,билирубин непрямой,11,100.00,✔️ Полное совпадение,18,0,0
Свободный билирубин_1,свобод ный билирубин,билирубин непрямой,11,97.44,🟠 Частичное совпадение,18,0,0
Свободный билирубин_3,вободный билирубин,билирубин непрямой,11,97.30,🟠 Частичное совпадение,17,0,0
Свободный билирубин_4,вобоный билирубин,билирубин непрямой,11,94.44,🟠 Частичное совпадение,16,0,0
Свободный билирубин_5,Свободный билируби,билирубин непрямой,11,97.30,🟠 Частичное совпадение,17,0,0
Свободный билирубин_6,Свободный билирубн,билирубин непрямой,11,97.30,🟠 Частичное совпадение,17,0,0
Свободный билирубин_7,Сободный били рубин,билирубин непрямой,11,94.74,🟠 Частичное совпадение,17,0,0
Неконъюгированный билирубин_0,Неконъюгированный билируин,билирубин непрямой,11,98.11,🟠 Частичное совпадение,25,0,0
Неконъюгированный билирубин_1,конъюгированНый билирубин,билирубин прямой,10,100.00,❌ Неверное совпадение,24,0,0
Неконъюгированный билирубин_3,Неконъюгирова нный билирубин,билирубин непрямой,11,98.18,🟠 Частичное совпадение,26,0,0
Неконъюгированный билирубин_4,конъюгированный билирубин,билирубин прямой,10,100.00,❌ Неверное совпадение,24,0,0
Неконъюгированный билирубин_5,Неконъюгированный  билируби,билирубин непрямой,11,98.11,🟠 Частичное совпадение,25,0,0
Неконъюгированный билирубин_6,Неконъюгированный билируб,билирубин непрямой,11,96.15,🟠 Частичное совпадение,24,0,0
Неконъюгированный билирубин_7,Неконъюгированный билир убин,билирубин непрямой,11,98.18,🟠 Частичное совпадение,26,0,0
Indirect Bilirubin_0,Indire ct Bilirubin,билирубин непрямой,11,97.30,🟠 Частичное совпадение,0,17,0
Indirect Bilirubin_1,Indirect Bili rubn,билирубин непрямой,11,94.44,🟠 Частичное совпадение,0,16,0
Indirect Bilirubin_2,direct Bilirubin,билирубин прямой,10,100.00,❌ Неверное совпадение,0,15,0
Indirect Bilirubin_3,Indirect 8ilirubin,билирубин непрямой,11,94.44,🟠 Частичное совпадение,0,16,1
Indirect Bilirubin_5,Indirect Bilir ubin,билирубин непрямой,11,97.30,🟠 Частичное совпадение,0,17,0
Indirect Bilirubin_6,Indireсt 8ilirubin,билирубин непрямой,11,88.89,🟠 Частичное совпадение,1,15,1
Indirect Bilirubin_7,direct BilirubIn,билирубин прямой,10,100.00,❌ Неверное совпадение,0,15,0
IBIL_0,1BIL,билирубин общий,9,75.00,❌ Неверное совпадение,0,3,1
Билирубин_0,Билир убин,дополнительные билирубины,12,94.74,🟠 Частичное совпадение,9,0,0
Билирубин_1,Бил ирубин,дополнительные билирубины,12,94.74,🟠 Частичное совпадение,9,0,0
Билирубин_2,Били рубин,дополнительные билирубины,12,94.74,🟠 Частичное совпадение,9,0,0
Билирубин_3,Б илирубн,дополнительные билирубины,12,88.89,🟠 Частичное совпадение,8,0,0
Билирубин_4,Билируб ин,дополнительные билирубины,12,94.74,🟠 Частичное совпадение,9,0,0
Билирубин_5,Билирyбин,дополнительные билирубины,12,100.00,✔️ Полное совпадение,8,1,0
Билирубин_7,илирyбин,дополнительные билирубины,12,94.12,🟠 Частичное совпадение,7,1,0
Моноглюкоронид_0,Моноглю коронид,дополнительные билирубины,12,96.55,🟠 Частичное совпадение,14,0,0
Моноглюкоронид_1,Многлюкорон ид,дополнительные билирубины,12,92.86,🟠 Частичное совпадение,13,0,0
Моноглюкоронид_2,МоНогл юкоронид,дополнительные билирубины,12,96.55,🟠 Частичное совпадение,14,0,0
Моноглюкоронид_3,Моноглюкорoнид,дополнительные билирубины,12,100.00,✔️ Полное совпадение,13,1,0
Моноглюкоронид_5,Моноглюkоронид,дополнительные билирубины,12,100.00,✔️ Полное совпадение,13,1,0
Диглюкоронид_0,Диглюк оронид,дополнительные билирубины,12,96.00,🟠 Частичное совпадение,12,0,0
Диглюкоронид_1,Диглюкоро ид,дополнительные билирубины,12,91.67,🟠 Частичное совпадение,11,0,0
Диглюкоронид_3,Д иглюкоронид,дополнительные билирубины,12,96.00,🟠 Частичное совпадение,12,0,0
Диглюкоронид_4,Диглюкорон ид,дополнительные билирубины,12,96.00,🟠 Частичное совпадение,12,0,0
Диглюкоронид_5,Ди глюкоронид,дополнительные билирубины,12,96.00,🟠 Частичное совпадение,12,0,0
Диглюкоронид_6,Диглюкоpонид,дополнительные билирубины,12,100.00,✔️ Полное совпадение,11,1,0
Билирубин-глюкуронид_0,Билирубин-гЛюкронид,дополнительные билирубины,12,97.30,🟠 Частичное совпадение,18,0,0
Билирубин-глюкуронид_1,Билируб ин-глюкуронид,дополнительные билирубины,12,97.44,🟠 Частичное совпадение,19,0,0
Билирубин-глюкуронид_2,БилиРубин-глюкуроНид,дополнительные билирубины,12,100.00,✔️ Полное совпадение,19,0,0
Билирубин-глюкуронид_4,Билируби н-глюкуронд,дополнительные билирубины,12,94.74,🟠 Частичное совпадение,18,0,0
Билирубин-глюкуронид_5,Билирубин-глюкурон,дополнительные билирубины,12,94.44,🟠 Частичное совпадение,17,0,0
Билирубин-глюкуронид_6,Билирубин-глюкуронИд,дополнительные билирубины,12,100.00,✔️ Полное совпадение,19,0,0
Билирубин-глюкуронид_7,Бил ирубин-глюкуронид,дополнительные билирубины,12,97.44,🟠 Частичное совпадение,19,0,0
Общий белок_0,Общи белок,общий белок,13,95.24,🟠 Частичное совпадение,9,0,0
Общий белок_1,Общий бел,общий белок,13,90.00,🟠 Частичное совпадение,8,0,0
Общий белок_2,бЩий белок,общий белок,13,95.24,🟠 Частичное совпадение,9,0,0
Общий белок_3,Ощий белоК,общий белок,13,95.24,🟠 Частичное совпадение,9,0,0
Общий белок_4,щий белок,общий белок,13,90.00,🟠 Частичное совпадение,8,0,0
Общий белок_5,Общий блк,общий белок,13,90.00,🟠 Частичное совпадение,8,0,0
Общий белок_6,Общй белок,общий белок,13,95.24,🟠 Частичное совпадение,9,0,0
Общий белок_7,бщий белок,общий белок,13,95.24,🟠 Частичное совпадение,9,0,0
Total Protein_0,TOtal Protеin,общий белок,13,100.00,✔️ Полное совпадение,1,11,0
Total Protein_1,Totаl rotein,общий белок,13,96.00,🟠 Частичное совпадение,1,10,0
Total Protein_2,Totl Protei,общий белок,13,91.67,🟠 Частичное совпадение,0,10,0
Total Protein_3,Total Proein,общий белок,13,96.00,🟠 Частичное совпадение,0,11,0
Total Protein_4,otal Protein,общий белок,13,96.00,🟠 Частичное совпадение,0,11,0
Total Protein_5,Total Prote in,общий белок,13,96.30,🟠 Частичное совпадение,0,12,0
Total Protein_7,Total Prоtein,общий белок,13,100.00,✔️ Полное совпадение,1,11,0
Альбумин_0,Альбyмин,альбумин,14,100.00,✔️ Полное совпадение,7,1,0
Альбумин_1,Альбум ин,альбумин,14,94.12,🟠 Частичное совпадение,8,0,0
Альбумин_2,Альбу мин,альбумин,14,94.12,🟠 Частичное совпадение,8,0,0
Альбумин_4,Аль бумин,альбумин,14,94.12,🟠 Частичное совпадение,8,0,0
Albumin_1,Album in,альбумин,14,93.33,🟠 Частичное совпадение,0,7,0
Albumin_2,Albu min,альбумин,14,93.33,🟠 Частичное совпадение,0,7,0
Albumin_3,Al umin,альбумин,14,85.71,🟠 Частичное совпадение,0,6,0
Albumin_4,A lbumin,альбумин,14,93.33,🟠 Частичное совпадение,0,7,0
ALB_1,AL8,альбумин,14,100.00,✔️ Полное совпадение,0,2,1
Альфа-1-глобулины_0,ьфа1глобулины,альфа-2-глобулины,16,85.71,❌ Неверное совпадение,12,0,1
Альфа-1-глобулины_1,Альфа-1-глобуины,альфа-1-глобулины,15,96.55,🟠 Частичное совпадение,13,0,1
Альфа-1-глобулины_2,Альфа-1-глoбулины,альфа-1-глобулины,15,100.00,✔️ Полное совпадение,13,1,1
Альфа-1-глобулины_3,А льфа-1-глобулин,альфа-1-глобулины,15,93.33,🟠 Частичное совпадение,13,0,1
Альфа-1-глобулины_4,А льфа-1-глобулины,альфа-1-глобулины,15,96.77,🟠 Частичное совпадение,14,0,1
Альфа-1-глобулины_5,Альфа1глобулны,альфа-2-глобулины,16,89.66,❌ Неверное совпадение,13,0,1
Альфа-1-глобулины_6,Альфа-1-лобулины,альфа-1-глобулины,15,96.55,🟠 Частичное совпадение,13,0,1
Alpha-1-globulins_0,Alpha1-globu1ins,альфа-1-глобулины,15,93.33,🟠 Частичное совпадение,0,13,2
Alpha-1-globulins_1,Apha-1-globulins,альфа-1-глобулины,15,96.55,🟠 Частичное совпадение,0,13,1
Alpha-1-globulins_3,Alpha-1-gLobuli,альфа-1-глобулины,15,92.86,🟠 Частичное совпадение,0,12,1
Alpha-1-globulins_4,Alpha-1-globulin,альфа-1-глобулины,15,96.55,🟠 Частичное совпадение,0,13,1
Alpha-1-globulins_5,pha-1-globulis,альфа-1-глобулины,15,88.89,🟠 Частичное совпадение,0,11,1
Alpha-1-globulins_6,Alpha1globulins,альфа-2-глобулины,16,93.33,❌ Неверное совпадение,0,14,1
Alpha-1-globulins_7,Alpha -1-globulins,альфа-1-глобулины,15,96.77,🟠 Частичное совпадение,0,14,1
Альфа-2-глобулины_0,Альфа2гЛобулины,альфа-2-глобулины,16,93.33,🟠 Частичное совпадение,14,0,1
Альфа-2-глобулины_1,Альфа--глобулин,альфа-2-глобулины,16,92.86,🟠 Частичное совпадение,13,0,0
Альфа-2-глобулины_2,Аьф а-2-глобулины,альфа-2-глобулины,16,93.33,🟠 Частичное совпадение,13,0,1
Альфа-2-глобулины_3,Альфа2глобулины,альфа-2-глобулины,16,93.33,🟠 Частичное совпадение,14,0,1
Альфа-2-глобулины_4,Альфа2глобули,альфа-2-глобулины,16,85.71,🟠 Частичное совпадение,12,0,1
Альфа-2-глобулины_5,Альфа-2-гЛобули ны,альфа-2-глобулины,16,96.77,🟠 Частичное совпадение,14,0,1
Альфа-2-глобулины_6,Альфа-Z-глобулин,альфа-2-глобулины,16,89.66,🟠 Частичное совпадение,13,1,0
Альфа-2-глобулины_7,Альфа-2-глобули,альфа-2-глобулины,16,92.86,🟠 Частичное совпадение,12,0,1
Alpha-2-globulins_0,Alpha-2-lobulins,альфа-2-глобулины,16,96.55,🟠 Частичное совпадение,0,13,1
Alpha-2-globulins_2,lpha-2-globulins,альфа-2-глобулины,16,96.55,🟠 Частичное совпадение,0,13,1
Alpha-2-globulins_3,Alpha-2-globuli,альфа-2-глобулины,16,92.86,🟠 Частичное совпадение,0,12,1
Alpha-2-globulins_4,lpha-2-glObulins,альфа-2-глобулины,16,96.55,🟠 Частичное совпадение,0,13,1
Alpha-2-globulins_5,Alpha-2-g Lobulins,альфа-2-глобулины,16,96.77,🟠 Частичное совпадение,0,14,1
Alpha-2-globulins_6,Alpha-2-globuIins,альфа-2-глобулины,16,93.33,🟠 Частичное совпадение,0,14,1
Alpha-2-globulins_7,Alp a-2-globulins,альфа-2-глобулины,16,93.33,🟠 Частичное совпадение,0,13,1
Бета-глобулины_0,та-глобулины,бета-глобулины,17,91.67,🟠 Частичное совпадение,11,0,0
Бета-глобулины_2,Бета-глОбули,бета-глобулины,17,91.67,🟠 Частичное совпадение,11,0,0
Бета-глобулины_3,Бе та-глобулины,бета-глобулины,17,96.30,🟠 Частичное совпадение,13,0,0
Бета-глобулины_4,Бет-лобулины,бета-глобулины,17,91.67,🟠 Частичное совпадение,11,0,0
Бета-глобулины_5,ета-глобулины,бета-глобулины,17,96.00,🟠 Частичное совпадение,12,0,0
Бета-глобулины_6,Бета-глобули,бета-глобулины,17,91.67,🟠 Частичное совпадение,11,0,0
Бета-глобулины_7,ета-глoбулины,бета-глобулины,17,96.00,🟠 Частичное совпадение,11,1,0
Beta-globulins_0,BEta-globulins,бета-глобулины,17,100.00,✔️ Полное совпадение,0,13,0
Beta-globulins_1,Bet-globulins,бета-глобулины,17,96.00,🟠 Частичное совпадение,0,12,0
Beta-globulins_2,Beta-globulIns,бета-глобулины,17,100.00,✔️ Полное совпадение,0,13,0
Beta-globulins_3,ta-globulins,бета-глобулины,17,91.67,🟠 Частичное совпадение,0,11,0
Beta-globulins_4,Bet a-globulins,бета-глобулины,17,96.30,🟠 Частичное совпадение,0,13,0
Beta-globulins_6,Beta-globul ins,бета-глобулины,17,96.30,🟠 Частичное совпадение,0,13,0
Beta-globulins_7,ta-gloBulins,бета-глобулины,17,91.67,🟠 Частичное совпадение,0,11,0
Гамма-глобулины_0,Гамма- глобулИны,гамма-глобулины,18,96.55,🟠 Частичное совпадение,14,0,0
Гамма-глобулины_2,Гамма-глобули ны,гамма-глобулины,18,96.55,🟠 Частичное совпадение,14,0,0
Гамма-глобулины_3,ГаммА-глобулины,гамма-глобулины,18,100.00,✔️ Полное совпадение,14,0,0
Гамма-глобулины_4,ГАмма-глобулины,гамма-глобулины,18,100.00,✔️ Полное совпадение,14,0,0
Гамма-глобулины_5,Гамма-глобулиы,гамма-глобулины,18,96.30,🟠 Частичное совпадение,13,0,0
Гамма-глобулины_6,Гамма-глобулин,гамма-глобулины,18,96.30,🟠 Частичное совпадение,13,0,0
Гамма-глобулины_7,Гамма-г обулины,гамма-глобулины,18,92.86,🟠 Частичное совпадение,13,0,0
Gamma-globulins_0,Gamma-globulns,гамма-глобулины,18,96.30,🟠 Частичное совпадение,0,13,0
Gamma-globulins_1,GaMmA-globulins,гамма-глобулины,18,100.00,✔️ Полное совпадение,0,14,0
Gamma-globulins_2,Gama-globulins,гамма-глобулины,18,96.30,🟠 Частичное совпадение,0,13,0
Gamma-globulins_3,mma-gl0bulins,гамма-глобулины,18,92.31,🟠 Частичное совпадение,0,11,1
Gamma-globulins_5,Gamma-gobulins,гамма-глобулины,18,96.30,🟠 Частичное совпадение,0,13,0
Gamma-globulins_6,GamMa-globulins,гамма-глобулины,18,100.00,✔️ Полное совпадение,0,14,0
Gamma-globulins_7,Gammaglo bulins,гамма-глобулины,18,96.55,🟠 Частичное совпадение,0,14,0
АсАт_0,АcАт,аст,19,100.00,✔️ Полное совпадение,3,1,0
Аспартатаминотрансфераза_0,Аспарта таминотрансфераза,аст,19,97.96,🟠 Частичное совпадение,24,0,0
Аспартатаминотрансфераза_1,Аспа ртатаминотрансфераза,аст,19,97.96,🟠 Частичное совпадение,24,0,0
Аспартатаминотрансфераза_2,Аспартатминотpансфераза,аст,19,97.87,🟠 Частичное совпадение,22,1,0
Аспартатаминотрансфераза_3,Ас партатаминотрансфераза,аст,19,97.96,🟠 Частичное совпадение,24,0,0
Аспартатаминотрансфераза_4,Аспартатаминотрaнсфераза,аст,19,100.00,✔️ Полное совпадение,23,1,0
Аспартатаминотрансфераза_5,Аспартатаминтрансферазa,аст,19,97.87,🟠 Частичное совпадение,22,1,0
Аспартат-аминотрансфераза_0,Асартат-аминотрансфераза,аст,19,97.87,🟠 Частичное совпадение,23,0,0
Аспартат-аминотрансфераза_1,Асартат-аминотрАнсфераза,аст,19,97.87,🟠 Частичное совпадение,23,0,0
Аспартат-аминотрансфераза_2,Аспартат-аминотрансфера,аст,19,95.65,🟠 Частичное совпадение,22,0,0
Аспартат-аминотрансфераза_3,Апартат-аминотрансфераза,аст,19,97.87,🟠 Частичное совпадение,23,0,0
Аспартат-аминотрансфераза_4,Аспартат- аминотрансфераза,аст,19,97.96,🟠 Частичное совпадение,24,0,0
Аспартат-аминотрансфераза_5,Аспартат-аминотранфераза,аст,19,97.87,🟠 Частичное совпадение,23,0,0
Аспартат-аминотрансфераза_6,Аспартат-аминотрансфераз,аст,19,97.87,🟠 Частичное совпадение,23,0,0
Aspartate Aminotransferase_1,Aspartate AminotransFerase,аст,19,100.00,✔️ Полное совпадение,0,25,0
Aspartate Aminotransferase_2,Aspartate aminotransferase,аст,19,100.00,✔️ Полное совпадение,0,25,0
Aspartate Aminotransferase_3,spartat e Aminotransferase,аст,19,96.15,🟠 Частичное совпадение,0,24,0
Aspartate Aminotransferase_4,AspartatE Aminotransferase,аст,19,100.00,✔️ Полное совпадение,0,25,0
Aspartate Aminotransferase_5,Aspartate Aminotransfera,аст,19,96.00,🟠 Частичное совпадение,0,23,0
Aspartate Aminotransferase_6,Aspar tate AminotransfeRase,аст,19,98.11,🟠 Частичное совпадение,0,25,0
Aspartate Aminotransferase_7,Aspartate Aminotransferas,аст,19,98.04,🟠 Частичное совпадение,0,24,0
Аланинаминотрансфераза_0,Аланинаминотра нсфераза,алт,20,97.78,🟠 Частичное совпадение,22,0,0
Аланинаминотрансфераза_1,Аланина минотрансфераза,алт,20,97.78,🟠 Частичное совпадение,22,0,0
Аланинаминотрансфераза_2,АлаНи наминотрансфераза,алт,20,97.78,🟠 Частичное совпадение,22,0,0
Аланинаминотрансфераза_3,Аланинаминотр ансфераза,алт,20,97.78,🟠 Частичное совпадение,22,0,0
Аланинаминотрансфераза_4,Аланина минотрансферазa,алт,20,97.78,🟠 Частичное совпадение,21,1,0
Аланинаминотрансфераза_5,Аланинаминотрансферазa,алт,20,100.00,✔️ Полное совпадение,21,1,0
Аланинаминотрансфераза_7,Алани наминотрансфераза,алт,20,97.78,🟠 Частичное совпадение,22,0,0
Аланин-аминотрансфераза_0,Аланин-минотрансфеаза,алт,20,95.24,🟠 Частичное совпадение,20,0,0
Аланин-аминотрансфераза_1,АланИн-аминотрансфераза,алт,20,100.00,✔️ Полное совпадение,22,0,0
Аланин-аминотрансфераза_2,Аанин-аминотрансфераза,алт,20,97.67,🟠 Частичное совпадение,21,0,0
Аланин-аминотрансфераза_3,Аланин-аминотрансф ераза,алт,20,97.78,🟠 Частичное совпадение,22,0,0
Аланин-аминотрансфераза_5,анин-аминотрансфера,алт,20,90.00,🟠 Частичное совпадение,18,0,0
Аланин-аминотрансфераза_6,АЛанин-аминотрансфераза,алт,20,100.00,✔️ Полное совпадение,22,0,0
Аланин-аминотрансфераза_7,Аланин-аминОтрансфераза,алт,20,100.00,✔️ Полное совпадение,22,0,0
Alanine Aminotransferase_0,Alanine Aminotransfera,алт,20,95.65,🟠 Частичное совпадение,0,21,0
Alanine Aminotransferase_1,Alanine Amnotransferase,алт,20,97.87,🟠 Частичное совпадение,0,22,0
Alanine Aminotransferase_2,Alanin e Aminotransferase,алт,20,97.96,🟠 Частичное совпадение,0,23,0
Alanine Aminotransferase_3,Alanine  Amnotransferase,алт,20,97.87,🟠 Частичное совпадение,0,22,0
Alanine Aminotransferase_4,Alanine Ainotransferase,алт,20,97.87,🟠 Частичное совпадение,0,22,0
Alanine Aminotransferase_5,AlAnine AminotraNsferase,алт,20,100.00,✔️ Полное совпадение,0,23,0
Alanine Aminotransferase_6,Alanine Aminоtransferase,алт,20,100.00,✔️ Полное совпадение,1,22,0
Щелочная фосфатаза_0,ЩелОчная фосфатаза,щелочная фосфатаза,21,100.00,✔️ Полное совпадение,17,0,0
Щелочная фосфатаза_1,Щелочн ая фосфатаза,щелочная фосфатаза,21,97.30,🟠 Частичное совпадение,17,0,0
Щелочная фосфатаза_2,Щелочная фосфaтаза,щелочная фосфатаза,21,100.00,✔️ Полное совпадение,16,1,0
Щелочная фосфатаза_3,ЩелочНая фосфатаза,щелочная фосфатаза,21,100.00,✔️ Полное совпадение,17,0,0
Щелочная фосфатаза_5,елочная фосфатаза,щелочная фосфатаза,21,97.14,🟠 Частичное совпадение,16,0,0
Щелочная фосфатаза_6,Щелочна фосфатаа,щелочная фосфатаза,21,94.12,🟠 Частичное совпадение,15,0,0
Щелочная фосфатаза_7,Щелочная фо сфатаза,щелочная фосфатаза,21,97.30,🟠 Частичное совпадение,17,0,0
Alkaline Phosphatase_0,kaline Phosphatasе,щелочная фосфатаза,21,94.74,🟠 Частичное совпадение,1,16,0
Alkaline Phosphatase_1,Alkaline PHosp hatase,щелочная фосфатаза,21,97.56,🟠 Частичное совпадение,0,19,0
Alkaline Phosphatase_2,Alkaline Phosphatse,щелочная фосфатаза,21,97.44,🟠 Частичное совпадение,0,18,0
Alkaline Phosphatase_3,kaline Phospatase,щелочная фосфатаза,21,91.89,🟠 Частичное совпадение,0,16,0
Alkaline Phosphatase_4,Alkaline Posphatase,щелочная фосфатаза,21,97.44,🟠 Частичное совпадение,0,18,0
Alkaline Phosphatase_5,Alkаline Phosphat ase,щелочная фосфатаза,21,97.56,🟠 Частичное совпадение,1,18,0
Alkaline Phosphatase_6,Alkaline Phosphatas,щелочная фосфатаза,21,97.44,🟠 Частичное совпадение,0,18,0
Липаза_1,Липазa,липаза,22,100.00,✔️ Полное совпадение,5,1,0
Lipase_0,Lipasе,липаза,22,100.00,✔️ Полное совпадение,1,5,0
LPS_1,LP5,липаза,22,100.00,✔️ Полное совпадение,0,2,1
Амилаза_0,Амилазa,амилаза,23,100.00,✔️ Полное совпадение,6,1,0
Амилаза_2,Ам илаза,амилаза,23,93.33,🟠 Частичное совпадение,7,0,0
Амилаза_3,милaза,амилаза,23,92.31,🟠 Частичное совпадение,5,1,0
Амилаза_4,Амила за,амилаза,23,93.33,🟠 Частичное совпадение,7,0,0
Альфа-амилаза_0,ьфа-аМилаза,амилаза,23,90.91,🟠 Частичное совпадение,10,0,0
Альфа-амилаза_1,Альфa-амилаза,амилаза,23,100.00,✔️ Полное совпадение,11,1,0
Альфа-амилаза_3,Алфа-амИлаза,амилаза,23,95.65,🟠 Частичное совпадение,11,0,0
Альфа-амилаза_4,Альфа-амилАза,амилаза,23,100.00,✔️ Полное совпадение,12,0,0
Альфа-амилаза_5,Альфа -амилaза,амилаза,23,96.00,🟠 Частичное совпадение,11,1,0
Альфа-амилаза_6,Альфа-амилаЗа,амилаза,23,100.00,✔️ Полное совпадение,12,0,0
Альфа-амилаза_7,Альфа-амиаза,амилаза,23,95.65,🟠 Частичное совпадение,11,0,0
Amylase_0,Am Ylase,амилаза,23,93.33,🟠 Частичное совпадение,0,7,0
Amylase_1,Am ylase,амилаза,23,93.33,🟠 Частичное совпадение,0,7,0
Amylase_2,Amyl ase,амилаза,23,93.33,🟠 Частичное совпадение,0,7,0
Amylase_4,Amy1ase,амилаза,23,85.71,🟠 Частичное совпадение,0,6,1
Amylase_5,Amy lase,амилаза,23,93.33,🟠 Частичное совпадение,0,7,0
Гамма-ГТП_0,Га мма-ГТП,гамма-гт,24,94.12,🟠 Частичное совпадение,8,0,0
Гамма-ГТП_2,Гама-ГТП,гамма-гт,24,93.33,🟠 Частичное совпадение,7,0,0
Гамма-ГТП_3,Гамма-ГТп,гамма-гт,24,100.00,✔️ Полное совпадение,8,0,0
Гамма-ГТП_4,Гам ма-ГТп,гамма-гт,24,94.12,🟠 Частичное совпадение,8,0,0
Гамма-ГТП_5,Гамма-Г ,гамма-гт,24,92.31,🟠 Частичное совпадение,6,0,0
Гамма-ГТП_6,амма-ГТП,гамма-гт,24,93.33,🟠 Частичное совпадение,7,0,0
Гамма-ГТП_7,Гамма-ГТ,гамма-гт,24,100.00,✔️ Полное совпадение,7,0,0
Гамма-глутамилтранспептидаза_0,Гамма-глутам илтранспептидаз,гамма-гт,24,96.30,🟠 Частичное совпадение,26,0,0
Гамма-глутамилтранспептидаза_1,Гамма-глутамилтранспептидАза,гамма-гт,24,100.00,✔️ Полное совпадение,27,0,0
Гамма-глутамилтранспептидаза_3,Гамма-глут амилтранспептидаз,гамма-гт,24,96.30,🟠 Частичное совпадение,26,0,0
Гамма-глутамилтранспептидаза_4,Гамма-глутамил транспептидаза,гамма-гт,24,98.18,🟠 Частичное совпадение,27,0,0
Гамма-глутамилтранспептидаза_5,Гамма-глутамилтраНспептидаза,гамма-гт,24,100.00,✔️ Полное совпадение,27,0,0
Гамма-глутамилтранспептидаза_6,Гамма-глУтамилтранспептидаза,гамма-гт,24,100.00,✔️ Полное совпадение,27,0,0
Гамма-глутамилтранспептидаза_7,мма-глутамилтранспептидаза,гамма-гт,24,96.15,🟠 Частичное совпадение,25,0,0
Гамма-глютаминтранспептидаза_0,амма-глютаминтранспептидаза,гамма-гт,24,98.11,🟠 Частичное совпадение,26,0,0
Гамма-глютаминтранспептидаза_1,Гамма-глютА минтранспептидаза,гамма-гт,24,98.18,🟠 Частичное совпадение,27,0,0
Гамма-глютаминтранспептидаза_2,Гамм-глютаминтранспептидаза,гамма-гт,24,98.11,🟠 Частичное совпадение,26,0,0
Гамма-глютаминтранспептидаза_3,Гамма-глютаминтранспептидазА,гамма-гт,24,100.00,✔️ Полное совпадение,27,0,0
Гамма-глютаминтранспептидаза_5,Гамма-глютаминтрансПептидаза,гамма-гт,24,100.00,✔️ Полное совпадение,27,0,0
Гамма-глютаминтранспептидаза_6,Гамма-глютаминтранcпеп тидаза,гамма-гт,24,98.18,🟠 Частичное совпадение,26,1,0
Гамма-глютаминтранспептидаза_7,Гамма-глютаминтранспЕптидаз,гамма-гт,24,98.11,🟠 Частичное совпадение,26,0,0
Глютаминтранспептидаза_0,Глют аминтранспептИдаза,гамма-гт,24,97.78,🟠 Частичное совпадение,22,0,0
Глютаминтранспептидаза_1,ГлютаминтрансПептидaза,гамма-гт,24,100.00,✔️ Полное совпадение,21,1,0
Глютаминтранспептидаза_3,Глютами нтранспептидаза,гамма-гт,24,97.78,🟠 Частичное совпадение,22,0,0
Глютаминтранспептидаза_4,Глютаминтранспептид аза,гамма-гт,24,97.78,🟠 Частичное совпадение,22,0,0
Глютаминтранспептидаза_5,Глютаминтранс пептидаза,гамма-гт,24,97.78,🟠 Частичное совпадение,22,0,0
Гамма-ГТ_0,Га мма-ГТ,гамма-гт,24,93.33,🟠 Частичное совпадение,7,0,0
Гамма-ГТ_1,гамма-ГТ,гамма-гт,24,100.00,✔️ Полное совпадение,7,0,0
Гамма-ГТ_2,Гамма-Г,гамма-гт,24,92.31,🟠 Частичное совпадение,6,0,0
Гамма-ГТ_3,ГаммА-Гт,гамма-гт,24,100.00,✔️ Полное совпадение,7,0,0
Гамма-ГТ_4,ГаммА-ГТ,гамма-гт,24,100.00,✔️ Полное совпадение,7,0,0
Гамма-ГТ_5,Гамма-,гамма-гт,24,83.33,🟠 Частичное совпадение,5,0,0
Гамма-ГТ_6,Гама-Г,гамма-гт,24,83.33,🟠 Частичное совпадение,5,0,0
Gamma-Glutamyl Transferase_1,GammGlutamyl Transferase,гамма-гт,24,97.96,🟠 Частичное совпадение,0,23,0
Gamma-Glutamyl Transferase_2,Gama-Glutamyl Transferase,гамма-гт,24,97.96,🟠 Частичное совпадение,0,23,0
Gamma-Glutamyl Transferase_3,gamma -Glutamyl Transferase,гамма-гт,24,98.04,🟠 Частичное совпадение,0,24,0
Gamma-Glutamyl Transferase_4,Gamma-Glutamyl Transfe rase,гамма-гт,24,98.04,🟠 Частичное совпадение,0,24,0
Gamma-Glutamyl Transferase_5,GAmma-Glutamyl TrAnsferase,гамма-гт,24,100.00,✔️ Полное совпадение,0,24,0
Gamma-Glutamyl Transferase_6,Gamma-Glutamyl Trasferase,гамма-гт,24,97.96,🟠 Частичное совпадение,0,23,0
Gamma-Glutamyl Transferase_7,Gamma-Glutamy1 ransferase,гамма-гт,24,93.88,🟠 Частичное совпадение,0,22,1
Лактатдегидрогеназа_1,Лактатдегидр огеназа,лдг,25,97.44,🟠 Частичное совпадение,19,0,0
Лактатдегидрогеназа_2,Лaктатдегидрогеназа,лдг,25,100.00,✔️ Полное совпадение,18,1,0
Лактатдегидрогеназа_3,Лактатдегидрогeназа,лдг,25,100.00,✔️ Полное совпадение,18,1,0
Лактатдегидрогеназа_4,Лакт атдегидрогенза,лдг,25,94.74,🟠 Частичное совпадение,18,0,0
Лактат дегидрогеназа_0,Лакта т дегидрогеназа,лдг,25,97.56,🟠 Частичное совпадение,19,0,0
Лактат дегидрогеназа_1,ктат дегидрогеназа,лдг,25,94.74,🟠 Частичное совпадение,17,0,0
Лактат дегидрогеназа_2,Лактат дегидрoгеназа,лдг,25,100.00,✔️ Полное совпадение,18,1,0
Лактат дегидрогеназа_3,Лктат дегидроген аза,лдг,25,95.00,🟠 Частичное совпадение,18,0,0
Лактат дегидрогеназа_5,Лакт ат дегидрогеназа,лдг,25,97.56,🟠 Частичное совпадение,19,0,0
Лактат дегидрогеназа_6,ктат дегидрогназа,лдг,25,91.89,🟠 Частичное совпадение,16,0,0
Лактат дегидрогеназа_7,Лактат дегидрогеназ,лдг,25,97.44,🟠 Частичное совпадение,18,0,0
ЛДГ-1 фракция_0,ЛДГ-1 фрак ця,лдг,25,91.67,🟠 Частичное совпадение,9,0,1
ЛДГ-1 фракция_1,ЛДГ1 фракция,лдг,25,100.00,✔️ Полное совпадение,10,0,1
ЛДГ-1 фракция_2,ЛДГ-1 фраkция,лдг,25,100.00,✔️ Полное совпадение,9,1,1
ЛДГ-1 фракция_3,ЛДг-1 фракция,лдг,25,100.00,✔️ Полное совпадение,10,0,1
ЛДГ-1 фракция_5,ЛДГ- фракция,лдг,25,95.65,🟠 Частичное совпадение,10,0,0
ЛДГ-1 фракция_6,ЛДГ-1 ф ракция,лдг,25,96.00,🟠 Частичное совпадение,10,0,1
ЛДГ-1 фракция_7,ДГ-1 фракция,лдг,25,95.65,🟠 Частичное совпадение,9,0,1
aHBDH_1,aH8DH,лдг,25,100.00,✔️ Полное совпадение,0,4,1
Lactate Dehydrogenase_0,L actate DehydroGenase,лдг,25,97.67,🟠 Частичное совпадение,0,20,0
Lactate Dehydrogenase_1,Lactate Deh ydrogenase,лдг,25,97.67,🟠 Частичное совпадение,0,20,0
Lactate Dehydrogenase_2,ctate Dehydrogenase,лдг,25,95.00,🟠 Частичное совпадение,0,18,0
Lactate Dehydrogenase_3,ctate Dehydrogenae,лдг,25,92.31,🟠 Частичное совпадение,0,17,0
Lactate Dehydrogenase_4,actate Dehydrogenase,лдг,25,97.56,🟠 Частичное совпадение,0,19,0
Lactate Dehydrogenase_5,Lactate Dehdrogenase,лдг,25,97.56,🟠 Частичное совпадение,0,19,0
Lactate Dehydrogenase_7,Lactate Dehyd rogenase,лдг,25,97.67,🟠 Частичное совпадение,0,20,0
Креатинфосфокиназа_0,Креа тинфосфокиназа,креатинкиназа,26,97.30,🟠 Частичное совпадение,18,0,0
Креатинфосфокиназа_1,Креатин фосфокиназа,креатинкиназа,26,97.30,🟠 Частичное совпадение,18,0,0
Креатинфосфокиназа_2,Креатинфосф окиназа,креатинкиназа,26,97.30,🟠 Частичное совпадение,18,0,0
Креатинфосфокиназа_3,Креатинфoсфокиназа,креатинкиназа,26,100.00,✔️ Полное совпадение,17,1,0
Креатинфосфокиназа_5,Креатинф осфокиназа,креатинкиназа,26,97.30,🟠 Частичное совпадение,18,0,0
Креатинфосфокиназа_6,Креатинфо сфокиназ,креатинкиназа,26,94.44,🟠 Частичное совпадение,17,0,0
Креатинкиназа_0,Креатинкин аза,креатинкиназа,26,96.30,🟠 Частичное совпадение,13,0,0
Креатинкиназа_1,Креaтинкиназ,креатинкиназа,26,96.00,🟠 Частичное совпадение,11,1,0
Креатинкиназа_3,К реатинкиназа,креатинкиназа,26,96.30,🟠 Частичное совпадение,13,0,0
Креатинкиназа_4,К реатинкина,креатинкиназа,26,88.00,🟠 Частичное совпадение,11,0,0
Креатинкиназа_5,КреатиНkиназа,креатинкиназа,26,100.00,✔️ Полное совпадение,12,1,0
Креатинкиназа_6,Креатинкина за,креатинкиназа,26,96.30,🟠 Частичное совпадение,13,0,0
Креатинкиназа-МБ_0,еатинкиназа-МБ,креатинкиназа,26,92.86,🟠 Частичное совпадение,13,0,0
Креатинкиназа-МБ_2,Кратинкиназа-МБ,креатинкиназа,26,96.55,🟠 Частичное совпадение,14,0,0
Креатинкиназа-МБ_3,реатинкиназ а-МБ,креатинкиназа,26,93.33,🟠 Частичное совпадение,14,0,0
Креатинкиназа-МБ_4,Креатинкиназа -Б,креатинкиназа,26,93.33,🟠 Частичное совпадение,14,0,0
Креатинкиназа-МБ_5,Креатинкина за-мБ,креатинкиназа,26,96.77,🟠 Частичное совпадение,15,0,0
Креатинкиназа-МБ_6,КреатинКиназа-МБ,креатинкиназа,26,100.00,✔️ Полное совпадение,15,0,0
Креатинкиназа-МБ_7,Креаинкиназа-МБ,креатинкиназа,26,96.55,🟠 Частичное совпадение,14,0,0
Creatine Kinase_0,C reatine Kinase,креатинкиназа,26,96.77,🟠 Частичное совпадение,0,14,0
Creatine Kinase_1,CreaTine Kinase,креатинкиназа,26,100.00,✔️ Полное совпадение,0,14,0
Creatine Kinase_2,Creatine Kinas,креатинкиназа,26,96.55,🟠 Частичное совпадение,0,13,0
Creatine Kinase_3,Creаtine Kinase,креатинкиназа,26,100.00,✔️ Полное совпадение,1,13,0
Creatine Kinase_4,Crea tine Kinase,креатинкиназа,26,96.77,🟠 Частичное совпадение,0,14,0
Creatine Kinase_6,reatine Kinase,креатинкиназа,26,96.55,🟠 Частичное совпадение,0,13,0
Creatine Kinase_7,Creatine K inase,креатинкиназа,26,96.77,🟠 Частичное совпадение,0,14,0
CK-MB_0,CK-M8,креатинкиназа,26,75.00,🟠 Частичное совпадение,0,3,1
CK-MB_1,CK-Mb,креатинкиназа,26,100.00,✔️ Полное совпадение,0,4,0
CK-MB_3,Ck-MB,креатинкиназа,26,100.00,✔️ Полное совпадение,0,4,0
Кальций_1,Ка льций,кальций,27,93.33,🟠 Частичное совпадение,7,0,0
Кальций_2,aльций,кальций,27,92.31,🟠 Частичное совпадение,5,1,0
Кальций_3,к альций,кальций,27,93.33,🟠 Частичное совпадение,7,0,0
Кальций_4,Кальц ий,кальций,27,93.33,🟠 Частичное совпадение,7,0,0
Кальций_5,Кальц й,кальций,27,85.71,🟠 Частичное совпадение,6,0,0
Кальций общий_0,Кальций оБщий,кальций,27,100.00,✔️ Полное совпадение,12,0,0
Кальций общий_1,льций общий,кальций,27,91.67,🟠 Частичное совпадение,10,0,0
Кальций общий_2,К альций общи,кальций,27,92.31,🟠 Частичное совпадение,11,0,0
Кальций общий_4,Кaльций общий,кальций,27,100.00,✔️ Полное совпадение,11,1,0
Кальций общий_5,Кальций Общий,кальций,27,100.00,✔️ Полное совпадение,12,0,0
Кальций общий_6,Кальций  общий,кальций,27,100.00,✔️ Полное совпадение,12,0,0
Кальций общий_7,Кальций общ ий,кальций,27,96.30,🟠 Частичное совпадение,12,0,0
Кальций ионизированный_1,КАльций ионизированный,кальций,27,100.00,✔️ Полное совпадение,21,0,0
Кальций ионизированный_2,Кальций ионизировнный,кальций,27,97.67,🟠 Частичное совпадение,20,0,0
Кальций ионизированный_3,льций ионизированный,кальций,27,95.24,🟠 Частичное совпадение,19,0,0
Кальций ионизированный_4,Кальций ионизированый,кальций,27,97.67,🟠 Частичное совпадение,20,0,0
Кальций ионизированный_5,Кальций иониированный,кальций,27,97.67,🟠 Частичное совпадение,20,0,0
Кальций ионизированный_6,Кальций ионизированны,кальций,27,97.67,🟠 Частичное совпадение,20,0,0
Кальций ионизированный_7,Кальций ионизированн,кальций,27,95.24,🟠 Частичное совпадение,19,0,0
Calcium_0,Calci um,кальций,27,93.33,🟠 Частичное совпадение,0,7,0
Calcium_1,C alcium,кальций,27,93.33,🟠 Частичное совпадение,0,7,0
Calcium_2,Cаlcium,кальций,27,100.00,✔️ Полное совпадение,1,6,0
Calcium_4,Calci u,кальций,27,85.71,🟠 Частичное совпадение,0,6,0
Calcium_5,Calc ium,кальций,27,93.33,🟠 Частичное совпадение,0,7,0
Calcium_6,Ca1cium,кальций,27,85.71,🟠 Частичное совпадение,0,6,1
Calcium_7,Calсium,кальций,27,100.00,✔️ Полное совпадение,1,6,0
Ca_0,Cа,кальций,27,100.00,✔️ Полное совпадение,1,1,0
Калий_0,Кaлий,калий,28,100.00,✔️ Полное совпадение,4,1,0
Potassium_0,Pot assium,калий,28,94.74,🟠 Частичное совпадение,0,9,0
Potassium_1,Potаssium,калий,28,100.00,✔️ Полное совпадение,1,8,0
Potassium_2,P otassium,калий,28,94.74,🟠 Частичное совпадение,0,9,0
Potassium_4,Po tassium,калий,28,94.74,🟠 Частичное совпадение,0,9,0
Натрий_1,Натpий,натрий,29,100.00,✔️ Полное совпадение,5,1,0
Натрий_2,Нaтрий,натрий,29,100.00,✔️ Полное совпадение,5,1,0
Sodium_1,Sоdium,натрий,29,100.00,✔️ Полное совпадение,1,5,0
Na_0,Nа,натрий,29,100.00,✔️ Полное совпадение,1,1,0
Хлор_0,Хлoр,хлор,30,100.00,✔️ Полное совпадение,3,1,0
Хлор_2,Хлоp,хлор,30,100.00,✔️ Полное совпадение,3,1,0
Хлориды_0,Хлoриды,хлор,30,100.00,✔️ Полное совпадение,6,1,0
Хлориды_1,Хл ориды,хлор,30,93.33,🟠 Частичное совпадение,7,0,0
Хлориды_3,Хлоpиды,хлор,30,100.00,✔️ Полное совпадение,6,1,0
Хлориды_4,Х лориды,хлор,30,93.33,🟠 Частичное совпадение,7,0,0
Хлориды_5,Хло риды,хлор,30,93.33,🟠 Частичное совпадение,7,0,0
Chloride_0,Chlor ide,хлор,30,94.12,🟠 Частичное совпадение,0,8,0
Chloride_2,ChL oride,хлор,30,94.12,🟠 Частичное совпадение,0,8,0
Chloride_3,Ch loride,хлор,30,94.12,🟠 Частичное совпадение,0,8,0
Chloride_4,Chl oide,хлор,30,87.50,🟠 Частичное совпадение,0,7,0
Chloride_5,Ch1oride,хлор,30,87.50,🟠 Частичное совпадение,0,7,1
Cl_0,C1,-,-,0.00,❌ Неверное совпадение,0,1,1
Железо_1,Жeлезо,железо,31,100.00,✔️ Полное совпадение,5,1,0
Железо_2,Железo,железо,31,100.00,✔️ Полное совпадение,5,1,0
Сывороточное железо_1,сывороточное железо,железо,31,100.00,✔️ Полное совпадение,18,0,0
Сывороточное железо_2,вороточное желез,железо,31,91.43,🟠 Частичное совпадение,15,0,0
Сывороточное железо_3,Сыворото чное железо,железо,31,97.44,🟠 Частичное совпадение,18,0,0
Сывороточное железо_4,ывороточное железо,железо,31,97.30,🟠 Частичное совпадение,17,0,0
Сывороточное железо_5,СывОроточное железо,железо,31,100.00,✔️ Полное совпадение,18,0,0
Сывороточное железо_6,СЫвороточное железо,железо,31,100.00,✔️ Полное совпадение,18,0,0
Сывороточное железо_7,Сывороточное желез,железо,31,97.30,🟠 Частичное совпадение,17,0,0
Fe_0,Fе,железо,31,100.00,✔️ Полное совпадение,1,1,0
Ферритин_0,Ферри тин,ферритин,32,94.12,🟠 Частичное совпадение,8,0,0
Ферритин_1,Феррит ин,ферритин,32,94.12,🟠 Частичное совпадение,8,0,0
Ферритин_2,Фер ритин,ферритин,32,94.12,🟠 Частичное совпадение,8,0,0
Ферритин_3,Фeррит,ферритин,32,85.71,🟠 Частичное совпадение,5,1,0
Ферритин_4,Ф ерритин,ферритин,32,94.12,🟠 Частичное совпадение,8,0,0
Ферритин_6,Феpр итин,ферритин,32,94.12,🟠 Частичное совпадение,7,1,0
Ferritin_1,Ferri ti,ферритин,32,87.50,🟠 Частичное совпадение,0,7,0
Ferritin_2,Fer ritin,ферритин,32,94.12,🟠 Частичное совпадение,0,8,0
Ferritin_3,Fe rritin,ферритин,32,94.12,🟠 Частичное совпадение,0,8,0
Ferritin_4,Ferri tin,ферритин,32,94.12,🟠 Частичное совпадение,0,8,0
Ferritin_5,F erritin,ферритин,32,94.12,🟠 Частичное совпадение,0,8,0
Трансферрин_0,Тр ансферрин,трансферрин,33,95.65,🟠 Частичное совпадение,11,0,0
Трансферрин_2,Трансфeррин,трансферрин,33,100.00,✔️ Полное совпадение,10,1,0
Transferrin_1,Trаnsferr in,трансферрин,33,95.65,🟠 Частичное совпадение,1,10,0
Transferrin_2,Transferr in,трансферрин,33,95.65,🟠 Частичное совпадение,0,11,0
Transferrin_3,ransfe rrin,трансферрин,33,90.91,🟠 Частичное совпадение,0,10,0
Transferrin_4,ansfеrrin,трансферрин,33,90.00,🟠 Частичное совпадение,1,8,0
Transferrin_5,Tra nsferr,трансферрин,33,85.71,🟠 Частичное совпадение,0,9,0
Витамин 25(OH) D_0,Витамин 2(OH) D,витамин d,34,88.89,🟠 Частичное совпадение,7,3,1
Витамин 25(OH) D_2,Виамин 25(OH) D,витамин d,34,88.89,🟠 Частичное совпадение,6,3,2
Витамин 25(OH) D_3,ВИтамин 25(OH) D,витамин d,34,92.86,🟠 Частичное совпадение,7,3,2
Витамин 25(OH) D_4,Витамин 25(OH),витамин d,34,84.62,🟠 Частичное совпадение,7,2,2
Витамин 25(OH) D_5,Витами 25(OH) D,витамин d,34,88.89,🟠 Частичное совпадение,6,3,2
Витамин 25(OH) D_6,Вит амин 25(OH) D,витамин d,34,89.66,🟠 Частичное совпадение,7,3,2
Витамин 25(OH) D_7,ВитамИн 25(OH) D,витамин d,34,92.86,🟠 Частичное совпадение,7,3,2
25-OH витамин D_0,25OH витамин D,витамин d,34,92.86,🟠 Частичное совпадение,7,3,2
25-OH витамин D_1,25-OH итамин D,витамин d,34,88.89,🟠 Частичное совпадение,6,3,2
25-OH витамин D_2,5-OH витамин D,витамин d,34,88.89,🟠 Частичное совпадение,7,3,1
25-OH витамин D_3,25-OH в итамин D,витамин d,34,89.66,🟠 Частичное совпадение,7,3,2
25-OH витамин D_4,-OH витамин D,витамин d,34,84.62,🟠 Частичное совпадение,7,3,0
25-OH витамин D_5,25-OH в итмин D,витамин d,34,85.71,🟠 Частичное совпадение,6,3,2
25-OH витамин D_6,25-0H витамин D,витамин d,34,92.86,🟠 Частичное совпадение,7,2,3
25-OH витамин D_7,25OH Витамин D,витамин d,34,92.86,🟠 Частичное совпадение,7,3,2
25-Hydroxyvitamin D_0,25-Hydroxyvitamin ,витамин d,34,94.12,🟠 Частичное совпадение,0,14,2
25-Hydroxyvitamin D_1,25-HydroxyvitamIn D,витамин d,34,100.00,✔️ Полное совпадение,0,15,2
25-Hydroxyvitamin D_2,25Hydroxyvitamin D,витамин d,34,100.00,✔️ Полное совпадение,0,15,2
25-Hydroxyvitamin D_3,Z5-ydroxyvitamin D,витамин d,34,91.43,🟠 Частичное совпадение,0,15,1
25-Hydroxyvitamin D_4,25-Hydroxyvitamin d,витамин d,34,100.00,✔️ Полное совпадение,0,15,2
25-Hydroxyvitamin D_5,25Hydr0xyvitamin D,витамин d,34,100.00,✔️ Полное совпадение,0,14,3
25-Hydroxyvitamin D_6,25-Hydroxyvi tAmin D,витамин d,34,97.30,🟠 Частичное совпадение,0,15,2
25-Hydroxyvitamin D_7,25-HyDroxyvitamin D,витамин d,34,100.00,✔️ Полное совпадение,0,15,2
Витамин D3_0,ВитамиН D3,витамин d,34,100.00,✔️ Полное совпадение,7,1,1
Витамин D3_1,Витaмин D3,витамин d,34,100.00,✔️ Полное совпадение,6,2,1
Витамин D3_2,ит амин D3,витамин d,34,90.00,🟠 Частичное совпадение,6,1,1
Витамин D3_3,итaмин D3,витамин d,34,94.74,🟠 Частичное совпадение,5,2,1
Витамин D3_4,Витами н D3,витамин d,34,95.24,🟠 Частичное совпадение,7,1,1
Витамин D3_5,тамин D3,витамин d,34,88.89,🟠 Частичное совпадение,5,1,1
Витамин D3_7,ВИтамин D3,витамин d,34,100.00,✔️ Полное совпадение,7,1,1
Холекальциферол_1,Холекaльциферол,витамин d,34,100.00,✔️ Полное совпадение,14,1,0
Холекальциферол_2,холекальц иферол,витамин d,34,96.77,🟠 Частичное совпадение,15,0,0
Холекальциферол_3,Холеkальциферол,витамин d,34,100.00,✔️ Полное совпадение,14,1,0
Холекальциферол_4,Хол екальциферол,витамин d,34,96.77,🟠 Частичное совпадение,15,0,0
Холекальциферол_5,ХоЛека льциферол,витамин d,34,96.77,🟠 Частичное совпадение,15,0,0
Магний_0,Мaгний,магний,35,100.00,✔️ Полное совпадение,5,1,0
Magnesium_0,Mag nesi,магний,35,82.35,🟠 Частичное совпадение,0,7,0
Magnesium_1,gnesi um,магний,35,82.35,🟠 Частичное совпадение,0,7,0
Magnesium_2,Magnes ium,магний,35,94.74,🟠 Частичное совпадение,0,9,0
Фосфор_0,Фoсфор,фосфор,36,100.00,✔️ Полное совпадение,5,1,0
Phosphorus_0,Ph0spho rus,фосфор,36,95.24,🟠 Частичное совпадение,0,9,1
Phosphorus_1,Phospho rus,фосфор,36,95.24,🟠 Частичное совпадение,0,10,0
Цинк_0,Цинk,цинк,37,100.00,✔️ Полное совпадение,3,1,0
Zn_0,2n,цинк,37,100.00,✔️ Полное совпадение,0,1,1
Селен_1,Селeн,селен,38,100.00,✔️ Полное совпадение,4,1,0
Селен_2,Сeлен,селен,38,100.00,✔️ Полное совпадение,4,1,0
Selenium_1,Se lenium,селен,38,94.12,🟠 Частичное совпадение,0,8,0
Selenium_2,Seleni um,селен,38,94.12,🟠 Частичное совпадение,0,8,0
Selenium_3,Se1eniu,селен,38,80.00,🟠 Частичное совпадение,0,6,1
Selenium_4,e lenium,селен,38,87.50,🟠 Частичное совпадение,0,7,0
Selenium_5,Selеnium,селен,38,100.00,✔️ Полное совпадение,1,7,0
Se_0,5e,селен,38,100.00,✔️ Полное совпадение,0,1,1
Se_1,Sе,селен,38,100.00,✔️ Полное совпадение,1,1,0
Медь_0,Мeдь,медь,39,100.00,✔️ Полное совпадение,3,1,0
Copper_0,C0pper,медь,39,100.00,✔️ Полное совпадение,0,5,1
Copper_1,Coppеr,медь,39,100.00,✔️ Полное совпадение,1,5,0
