,Исходный текст,Распознанный текст,Предсказанная группа,Уверенность (%),Результат,Русских букв,Латинских букв,Цифр
0,Глюкоза_1,люкоза,глюкоза,92.31,🟠 Частичное совпадение,6,0,0
1,Глюкоза_2,Г люкоа,глюкоза,85.71,🟠 Частичное совпадение,6,0,0
2,Глюкоза_3,Глюоза,глюкоза,92.31,🟠 Частичное совпадение,6,0,0
3,Глюкоза_4,Глкоза,глюкоза,92.31,🟠 Частичное совпадение,6,0,0
4,Глюкоза_5,юк оза,глюкоза,76.92,🟠 Частичное совпадение,5,0,0
5,Глюкоза_6,Г люкоза,глюкоза,93.33,🟠 Частичное совпадение,7,0,0
6,Глюкоза_7,юкозa,глюкоза,83.33,🟠 Частичное совпадение,4,1,0
7,Глюкоза сывороточная_0,Глюкоза свороточная,глюкоза,97.44,🟠 Частичное совпадение,18,0,0
8,Глюкоза сывороточная_2,Глюкоза сывоРоточная,глюкоза,100.00,✔️ Полное совпадение,19,0,0
9,Глюкоза сывороточная_3,Глюкоза сывоpоточная,глюкоза,100.00,✔️ Полное совпадение,18,1,0
10,Глюкоза сывороточная_4,Глюкза сывороточная,глюкоза,97.44,🟠 Частичное совпадение,18,0,0
11,Глюкоза сывороточная_5,Глюкоза сыворото чная,глюкоза,97.56,🟠 Частичное совпадение,19,0,0
12,Глюкоза сывороточная_6,люкоза сывороточная,глюкоза,97.44,🟠 Частичное совпадение,18,0,0
13,Глюкоза сывороточная_7,Глюкоза cывороточная,глюкоза,100.00,✔️ Полное совпадение,18,1,0
14,Сахар_0,Саха,глюкоза,88.89,🟠 Частичное совпадение,4,0,0
15,Сахар_2,Са хар,глюкоза,90.91,🟠 Частичное совпадение,5,0,0
16,Сахар_3,САхар,глюкоза,100.00,✔️ Полное совпадение,5,0,0
17,Сахар_4,Сaхар,глюкоза,100.00,✔️ Полное совпадение,4,1,0
18,Сахар_5,Сахаp,глюкоза,100.00,✔️ Полное совпадение,4,1,0
19,Сахар_6,ахар,глюкоза,88.89,🟠 Частичное совпадение,4,0,0
20,Сахар_7,С ахар,глюкоза,90.91,🟠 Частичное совпадение,5,0,0
21,Сахар в крови_0,СахАр в крови,глюкоза,100.00,✔️ Полное совпадение,11,0,0
22,Сахар в крови_2,Сахар в кро,глюкоза,91.67,🟠 Частичное совпадение,9,0,0
23,Сахар в крови_3,Схарв крови,глюкоза,91.67,🟠 Частичное совпадение,10,0,0
24,Сахар в крови_4,в крови Сахар,глюкоза,100.00,✔️ Полное совпадение,11,0,0
25,Сахар в крови_5,Са хар в крови,глюкоза,96.30,🟠 Частичное совпадение,11,0,0
26,Сахар в крови_6,Сaхар в крови,глюкоза,100.00,✔️ Полное совпадение,10,1,0
27,Сахар в крови_7,СаХар  в крови,глюкоза,96.30,🟠 Частичное совпадение,11,0,0
28,Декстроза_1,ДекстРоза,глюкоза,100.00,✔️ Полное совпадение,9,0,0
29,Декстроза_2,Декстро,глюкоза,87.50,🟠 Частичное совпадение,7,0,0
30,Декстроза_3,декстроа,глюкоза,94.12,🟠 Частичное совпадение,8,0,0
31,Декстроза_4,кстроза,глюкоза,87.50,🟠 Частичное совпадение,7,0,0
32,Декстроза_5,Дек строза,глюкоза,94.74,🟠 Частичное совпадение,9,0,0
33,Декстроза_6,Дектроза,глюкоза,94.12,🟠 Частичное совпадение,8,0,0
34,Декстроза_7,ДекстроЗа,глюкоза,100.00,✔️ Полное совпадение,9,0,0
35,Глюкоза плазмы_0,Глюкозапла змы,глюкоза,92.86,🟠 Частичное совпадение,13,0,0
36,Глюкоза плазмы_1,Глю коза плазмы,глюкоза,96.55,🟠 Частичное совпадение,13,0,0
37,Глюкоза плазмы_3,Глюкоза  плазмы,глюкоза,96.55,🟠 Частичное совпадение,13,0,0
38,Глюкоза плазмы_4,Глюкоаплазмы,глюкоза,92.31,🟠 Частичное совпадение,12,0,0
39,Глюкоза плазмы_5,Глюкоза плазм,глюкоза,96.30,🟠 Частичное совпадение,12,0,0
40,Глюкоза плазмы_6,Глюкоза пла змы,глюкоза,96.55,🟠 Частичное совпадение,13,0,0
41,Глюкоза плазмы_7,плазмы Глюкоза,глюкоза,100.00,✔️ Полное совпадение,13,0,0
42,Мочевина_0,МОчевина,мочевина,100.00,✔️ Полное совпадение,8,0,0
43,Мочевина_1,Мчевина,мочевина,93.33,🟠 Частичное совпадение,7,0,0
44,Мочевина_2,Мочевна,мочевина,93.33,🟠 Частичное совпадение,7,0,0
45,Мочевина_3,Мо4вина,мочевина,93.33,🟠 Частичное совпадение,6,0,1
46,Мочевина_5,МочеВина,мочевина,100.00,✔️ Полное совпадение,8,0,0
47,Мочевина_6,М очевина,мочевина,94.12,🟠 Частичное совпадение,8,0,0
48,Мочевина_7,МочевинА,мочевина,100.00,✔️ Полное совпадение,8,0,0
49,Азот мочевины_0,зот мочевины,мочевина,96.00,🟠 Частичное совпадение,11,0,0
50,Азот мочевины_1,Азот мочевин,мочевина,96.00,🟠 Частичное совпадение,11,0,0
51,Азот мочевины_2,Азот мчевины,мочевина,96.00,🟠 Частичное совпадение,11,0,0
52,Азот мочевины_3,Азот мочевны,мочевина,96.00,🟠 Частичное совпадение,11,0,0
53,Азот мочевины_4,Азот моевины,мочевина,96.00,🟠 Частичное совпадение,11,0,0
54,Азот мочевины_5,Азот мочеви ны,мочевина,96.30,🟠 Частичное совпадение,12,0,0
55,Азот мочевины_6,мочевины Азот,мочевина,76.19,🟠 Частичное совпадение,12,0,0
56,Остаточный азот крови_0,Остаточный азот кроВи,мочевина,100.00,✔️ Полное совпадение,19,0,0
57,Остаточный азот крови_1,ОсТаточный азот крови,мочевина,100.00,✔️ Полное совпадение,19,0,0
58,Остаточный азот крови_3,таточный азот крови,мочевина,95.00,🟠 Частичное совпадение,17,0,0
59,Остаточный азот крови_4,Остаточный зот крови,мочевина,97.56,🟠 Частичное совпадение,18,0,0
60,Остаточный азот крови_5,ОстаточныЙ азот крови,мочевина,100.00,✔️ Полное совпадение,19,0,0
61,Остаточный азот крови_6,статочный азот крови,мочевина,97.56,🟠 Частичное совпадение,18,0,0
62,Остаточный азот крови_7,Остаточный азоТ крови,мочевина,100.00,✔️ Полное совпадение,19,0,0
63,Небелковый азот крови_0,Небелковы й азот крови,мочевина,97.67,🟠 Частичное совпадение,19,0,0
64,Небелковый азот крови_2,Небе лковый азот крови,мочевина,97.67,🟠 Частичное совпадение,19,0,0
65,Небелковый азот крови_3,Небелковый Азот крови,мочевина,100.00,✔️ Полное совпадение,19,0,0
66,Небелковый азот крови_4,Небeлковый азот кро,мочевина,95.00,🟠 Частичное совпадение,16,1,0
67,Небелковый азот крови_5,Небелковый азоткрови,мочевина,97.56,🟠 Частичное совпадение,19,0,0
68,Небелковый азот крови_6,белковый азот крови,мочевина,95.00,🟠 Частичное совпадение,17,0,0
69,Небелковый азот крови_7,Небелкoвый азот крови,мочевина,100.00,✔️ Полное совпадение,18,1,0
70,Urea_0,U rea,мочевина,88.89,🟠 Частичное совпадение,0,4,0
71,Urea_2,Uea,мочевина,85.71,🟠 Частичное совпадение,0,3,0
72,Urea_3,Ur ea,мочевина,88.89,🟠 Частичное совпадение,0,4,0
73,Urea_4,Ure,мочевина,85.71,🟠 Частичное совпадение,0,3,0
74,Urea_5,UrEa,мочевина,100.00,✔️ Полное совпадение,0,4,0
75,Urea_6,rea,мочевина,85.71,🟠 Частичное совпадение,0,3,0
76,BUN (Blood Urea Nitrogen)_0,bUN (B lood Urea Nitrogen),мочевина,98.04,🟠 Частичное совпадение,0,20,0
77,BUN (Blood Urea Nitrogen)_1,UN (Blood Urea Nitrogen),мочевина,97.96,🟠 Частичное совпадение,0,19,0
78,BUN (Blood Urea Nitrogen)_3,BUN (Blo od Urea Nitrogen,мочевина,96.00,🟠 Частичное совпадение,0,20,0
79,BUN (Blood Urea Nitrogen)_4,BUN (Blood Urea NiTrogen),мочевина,100.00,✔️ Полное совпадение,0,20,0
80,BUN (Blood Urea Nitrogen)_5,BUN (Blood U rea Nitrogen),мочевина,98.04,🟠 Частичное совпадение,0,20,0
81,BUN (Blood Urea Nitrogen)_6,N (Blood Urea Nitrogen),мочевина,95.83,🟠 Частичное совпадение,0,18,0
82,BUN (Blood Urea Nitrogen)_7, (Blood Urea Nitrogen),мочевина,91.30,🟠 Частичное совпадение,0,17,0
83,Креатинин_0,КРеатинин,креатинин,100.00,✔️ Полное совпадение,9,0,0
84,Креатинин_1,Креатини,креатинин,94.12,🟠 Частичное совпадение,8,0,0
85,Креатинин_2,еатинин,креатинин,87.50,🟠 Частичное совпадение,7,0,0
86,Креатинин_3,Креатинн,креатинин,94.12,🟠 Частичное совпадение,8,0,0
87,Креатинин_5,Креати нин,креатинин,94.74,🟠 Частичное совпадение,9,0,0
88,Креатинин_6,КреАтинин,креатинин,100.00,✔️ Полное совпадение,9,0,0
89,Креатинин_7,КреатИн ин,креатинин,94.74,🟠 Частичное совпадение,9,0,0
90,Creatinine_0,reatinine,креатинин,94.74,🟠 Частичное совпадение,0,9,0
91,Creatinine_1,eatinine,креатинин,88.89,🟠 Частичное совпадение,0,8,0
92,Creatinine_2,Crea tinine,креатинин,95.24,🟠 Частичное совпадение,0,10,0
93,Creatinine_3,Creatinin,креатинин,94.74,🟠 Частичное совпадение,0,9,0
94,Creatinine_4,CreatiniNe,креатинин,100.00,✔️ Полное совпадение,0,10,0
95,Creatinine_5, eatinine,креатинин,88.89,🟠 Частичное совпадение,0,8,0
96,Creatinine_6,CreatiNine,креатинин,100.00,✔️ Полное совпадение,0,10,0
97,Креатинин сывороточный_1,Креатинин сывороточныЙ,креатинин,100.00,✔️ Полное совпадение,21,0,0
98,Креатинин сывороточный_2,Креатинин сывороточны,креатинин,97.67,🟠 Частичное совпадение,20,0,0
99,Креатинин сывороточный_3,реатинин сывороточный,креатинин,97.67,🟠 Частичное совпадение,20,0,0
100,Креатинин сывороточный_4,Креaтини сывороточный,креатинин,97.67,🟠 Частичное совпадение,19,1,0
101,Креатинин сывороточный_5,еатинин сывороточный,креатинин,95.24,🟠 Частичное совпадение,19,0,0
102,Креатинин сывороточный_6,Креатинин с ывороточый,креатинин,95.45,🟠 Частичное совпадение,20,0,0
103,Креатинин сывороточный_7,КреатИнин сы вороточный,креатинин,97.78,🟠 Частичное совпадение,21,0,0
104,Общий холестерин_0,Общий холеСтериН,общий холестерин,100.00,✔️ Полное совпадение,15,0,0
105,Общий холестерин_1,Общий хлестерин,общий холестерин,96.77,🟠 Частичное совпадение,14,0,0
106,Общий холестерин_2,Общий холестери,общий холестерин,96.77,🟠 Частичное совпадение,14,0,0
107,Общий холестерин_3,Общий холестЕрин,общий холестерин,100.00,✔️ Полное совпадение,15,0,0
108,Общий холестерин_4,Общий хол естериН,общий холестерин,96.97,🟠 Частичное совпадение,15,0,0
109,Общий холестерин_5,бщий холестерин,общий холестерин,96.77,🟠 Частичное совпадение,14,0,0
110,Общий холестерин_7,Общий холес терин,общий холестерин,96.97,🟠 Частичное совпадение,15,0,0
111,Cholesterol_0,Cholsterol,общий холестерин,95.24,🟠 Частичное совпадение,0,10,0
112,Cholesterol_1,Cho lestero,общий холестерин,90.91,🟠 Частичное совпадение,0,10,0
113,Cholesterol_3,cholesterol,общий холестерин,100.00,✔️ Полное совпадение,0,11,0
114,Cholesterol_4,C holesterol,общий холестерин,95.65,🟠 Частичное совпадение,0,11,0
115,Cholesterol_5,ChoLesterol,общий холестерин,100.00,✔️ Полное совпадение,0,11,0
116,Cholesterol_6,Ch0lesterol,общий холестерин,100.00,✔️ Полное совпадение,0,10,1
117,Cholesterol_7,Cholester ol,общий холестерин,95.65,🟠 Частичное совпадение,0,11,0
118,Холестерин_0,Холестери,общий холестерин,94.74,🟠 Частичное совпадение,9,0,0
119,Холестерин_1,ХолестеРин,общий холестерин,100.00,✔️ Полное совпадение,10,0,0
120,Холестерин_2,ХолесТе рин,общий холестерин,95.24,🟠 Частичное совпадение,10,0,0
121,Холестерин_3,ХоЛестерин,общий холестерин,100.00,✔️ Полное совпадение,10,0,0
122,Холестерин_4,ХолестерИн,общий холестерин,100.00,✔️ Полное совпадение,10,0,0
123,Холестерин_5,олестерин,общий холестерин,94.74,🟠 Частичное совпадение,9,0,0
124,Холестерин_6,Холеcтерин,общий холестерин,100.00,✔️ Полное совпадение,9,1,0
125,Холестерин_7,лестерин,общий холестерин,88.89,🟠 Частичное совпадение,8,0,0
126,Холестерол_0,Холестеро,общий холестерин,94.74,🟠 Частичное совпадение,9,0,0
127,Холестерол_2,Хо лесерол,общий холестерин,90.00,🟠 Частичное совпадение,9,0,0
128,Холестерол_3,Хлестерол,общий холестерин,94.74,🟠 Частичное совпадение,9,0,0
129,Холестерол_4,Холестер ол,общий холестерин,95.24,🟠 Частичное совпадение,10,0,0
130,Холестерол_5,Х олестерол,общий холестерин,95.24,🟠 Частичное совпадение,10,0,0
131,Холестерол_6,Холестрол,общий холестерин,94.74,🟠 Частичное совпадение,9,0,0
132,Холестерол_7,Холе стерол,общий холестерин,95.24,🟠 Частичное совпадение,10,0,0
133,Total Cholesterol_0,T0tal Cholesterol,общий холестерин,100.00,✔️ Полное совпадение,0,15,1
134,Total Cholesterol_2,otal Cholesterol,общий холестерин,96.97,🟠 Частичное совпадение,0,15,0
135,Total Cholesterol_3,Total CholesteRol,общий холестерин,100.00,✔️ Полное совпадение,0,16,0
136,Total Cholesterol_4,ToTal CholesteroL,общий холестерин,100.00,✔️ Полное совпадение,0,16,0
137,Total Cholesterol_5,Total cholesterol,общий холестерин,100.00,✔️ Полное совпадение,0,16,0
138,Total Cholesterol_6,Total Choesterol,общий холестерин,96.97,🟠 Частичное совпадение,0,15,0
139,Total Cholesterol_7,Total  Cholesterol,общий холестерин,97.14,🟠 Частичное совпадение,0,16,0
140,Холестерин ЛПНП_0,Холестерин ЛПнП,лпнп,100.00,✔️ Полное совпадение,14,0,0
141,Холестерин ЛПНП_1,Холестeрин ЛПНП,лпнп,100.00,✔️ Полное совпадение,13,1,0
142,Холестерин ЛПНП_2,лестерин ЛПНП,лпнп,92.86,🟠 Частичное совпадение,12,0,0
143,Холестерин ЛПНП_3,ХолеСтерин ЛПНП,лпнп,100.00,✔️ Полное совпадение,14,0,0
144,Холестерин ЛПНП_4,Холестерин ЛП,лпнп,92.86,🟠 Частичное совпадение,12,0,0
145,Холестерин ЛПНП_5,олестерин ЛПНП,лпнп,96.55,🟠 Частичное совпадение,13,0,0
146,Холестерин ЛПНП_6,Холестерин ПНП,лпнп,96.55,🟠 Частичное совпадение,13,0,0
147,Холестерин-ЛПНП_0,Хлестерин-ЛПНП,лпнп,96.55,🟠 Частичное совпадение,13,0,0
148,Холестерин-ЛПНП_1,Холестерин-Л ПН,лпнп,93.33,🟠 Частичное совпадение,13,0,0
149,Холестерин-ЛПНП_3,ХолеСтерин-ЛПНП,лпнп,100.00,✔️ Полное совпадение,14,0,0
150,Холестерин-ЛПНП_4,Холесте рин-ЛПНП,лпнп,96.77,🟠 Частичное совпадение,14,0,0
151,Холестерин-ЛПНП_5,лестерин-ЛПНП,лпнп,92.86,🟠 Частичное совпадение,12,0,0
152,Холестерин-ЛПНП_6,Холе стерин-ЛПНП,лпнп,96.77,🟠 Частичное совпадение,14,0,0
153,Холестерин-ЛПНП_7,Хoлестерин-ЛПНП,лпнп,100.00,✔️ Полное совпадение,13,1,0
154,Х-ЛПНП_0,-ЛПНП,лпнп,90.91,🟠 Частичное совпадение,4,0,0
155,Х-ЛПНП_1,Х-ЛПН,лпнп,90.91,🟠 Частичное совпадение,4,0,0
156,Х-ЛПНП_3,Х -ЛПНП,лпнп,92.31,🟠 Частичное совпадение,5,0,0
157,Х-ЛПНП_4,Х-Л ПНП,лпнп,92.31,🟠 Частичное совпадение,5,0,0
158,Х-ЛПНП_5,Х-лПНП,лпнп,100.00,✔️ Полное совпадение,5,0,0
159,Х ЛПНП_0,Х  ЛПНП,лпнп,92.31,🟠 Частичное совпадение,5,0,0
160,Х ЛПНП_1,х ЛПНП,лпнп,100.00,✔️ Полное совпадение,5,0,0
161,Х ЛПНП_2,Х Л ПНП,лпнп,92.31,🟠 Частичное совпадение,5,0,0
162,Х ЛПНП_3,Х ЛПН,лпнп,90.91,🟠 Частичное совпадение,4,0,0
163,Х ЛПНП_5,Х ЛПП,лпнп,90.91,🟠 Частичное совпадение,4,0,0
164,Х ЛПНП_6,Х ЛПНп,лпнп,100.00,✔️ Полное совпадение,5,0,0
165,ХС ЛПНП_0,ХС ЛПнП,лпнп,100.00,✔️ Полное совпадение,6,0,0
166,ХС ЛПНП_2,ХС ПНП,лпнп,92.31,🟠 Частичное совпадение,5,0,0
167,ХС ЛПНП_3,Х ЛП НП,лпнп,92.31,🟠 Частичное совпадение,5,0,0
168,ХС ЛПНП_4,С ЛПНП,лпнп,92.31,🟠 Частичное совпадение,5,0,0
169,ХС ЛПНП_5,ХС  ПНП,лпнп,85.71,🟠 Частичное совпадение,5,0,0
170,ХС ЛПНП_6,ХС ЛПН,лпнп,92.31,🟠 Частичное совпадение,5,0,0
171,ХС ЛПНП_7,Х ЛПНП С,лпнп,85.71,🟠 Частичное совпадение,6,0,0
172,Липопротеины низкой плотности_1,Лип опротеины низкой плотности,лпнп,98.31,🟠 Частичное совпадение,27,0,0
173,Липопротеины низкой плотности_2,Липопротеины низкой плотноСти,лпнп,100.00,✔️ Полное совпадение,27,0,0
174,Липопротеины низкой плотности_3,Липопротеины ниЗкой плотности,лпнп,100.00,✔️ Полное совпадение,27,0,0
175,Липопротеины низкой плотности_4,Липопротены низкой плотности,лпнп,98.25,🟠 Частичное совпадение,26,0,0
176,Липопротеины низкой плотности_5,ЛипопротЕины ни зкой плотности,лпнп,98.31,🟠 Частичное совпадение,27,0,0
177,Липопротеины низкой плотности_6,Липопротеины низкой плотнос ти,лпнп,98.31,🟠 Частичное совпадение,27,0,0
178,Липопротеины низкой плотности_7,Липопротеины Низкой плотности,лпнп,100.00,✔️ Полное совпадение,27,0,0
179,Плохой холестерол_0,Плохой холестер ол,лпнп,97.14,🟠 Частичное совпадение,16,0,0
180,Плохой холестерол_1,Плхой холестерол,лпнп,96.97,🟠 Частичное совпадение,15,0,0
181,Плохой холестерол_2,ПлохоЙ хоестерол,лпнп,96.97,🟠 Частичное совпадение,15,0,0
182,Плохой холестерол_3,ПлоХoй холестерол,лпнп,100.00,✔️ Полное совпадение,15,1,0
183,Плохой холестерол_4,Плохой холестер,лпнп,93.75,🟠 Частичное совпадение,14,0,0
184,Плохой холестерол_5,охой холестерол,лпнп,93.75,🟠 Частичное совпадение,14,0,0
185,Плохой холестерол_7,Плохой холест ерол,лпнп,97.14,🟠 Частичное совпадение,16,0,0
186,LDL_0,lDL,лпнп,100.00,✔️ Полное совпадение,0,3,0
187,Low-Density Lipoprotein_0,LowDensity Lipoprotein,лпнп,97.78,🟠 Частичное совпадение,0,21,0
188,Low-Density Lipoprotein_1,Density Lipoprotein,лпнп,90.48,🟠 Частичное совпадение,0,18,0
189,Low-Density Lipoprotein_2,w-Density Lipoprotein,лпнп,95.45,🟠 Частичное совпадение,0,19,0
190,Low-Density Lipoprotein_3,ow-Density Lipoprotein,лпнп,97.78,🟠 Частичное совпадение,0,20,0
191,Low-Density Lipoprotein_4,Low-Desity Lipoprotein,лпнп,97.78,🟠 Частичное совпадение,0,20,0
192,Low-Density Lipoprotein_5,Low-Denity Lipoprotein,лпнп,97.78,🟠 Частичное совпадение,0,20,0
193,Low-Density Lipoprotein_7,Low-Density Lipopro tein,лпнп,97.87,🟠 Частичное совпадение,0,21,0
194,Холестерин ЛПВП_1,ХолестерИн ЛПВП,лпвп,100.00,✔️ Полное совпадение,14,0,0
195,Холестерин ЛПВП_2,ХОлестерин ЛПВП,лпвп,100.00,✔️ Полное совпадение,14,0,0
196,Холестерин ЛПВП_3,xолестерин ЛПВП,лпвп,100.00,✔️ Полное совпадение,13,1,0
197,Холестерин ЛПВП_4,ХолеСтерин ЛпВП,лпвп,100.00,✔️ Полное совпадение,14,0,0
198,Холестерин ЛПВП_5,Хоестерин ЛПВП,лпвп,96.55,🟠 Частичное совпадение,13,0,0
199,Холестерин ЛПВП_6,Холестерин  ЛПВП,лпвп,96.77,🟠 Частичное совпадение,14,0,0
200,Холестерин ЛПВП_7,Холестерин ЛП,лпнп,92.86,❌ Неверное совпадение,12,0,0
201,Холестерин-ЛПВП_0,ХолестеринЛПВП,лпвп,96.55,🟠 Частичное совпадение,14,0,0
202,Холестерин-ЛПВП_1,Холестерин-ЛПВ,лпвп,96.55,🟠 Частичное совпадение,13,0,0
203,Холестерин-ЛПВП_3,Хол естерин-ЛПВП,лпвп,96.77,🟠 Частичное совпадение,14,0,0
204,Холестерин-ЛПВП_4,Холеcтерин-ЛПВП,лпвп,100.00,✔️ Полное совпадение,13,1,0
205,Холестерин-ЛПВП_5,Холестерин-ЛПв,лпвп,96.55,🟠 Частичное совпадение,13,0,0
206,Холестерин-ЛПВП_6,стерин-ЛПВП,лпвп,84.62,🟠 Частичное совпадение,10,0,0
207,Холестерин-ЛПВП_7,Холест ерин-ЛПВП,лпвп,96.77,🟠 Частичное совпадение,14,0,0
208,Х-ЛПВП_0,Х-ЛПВ,лпвп,90.91,🟠 Частичное совпадение,4,0,0
209,Х-ЛПВП_1,Х-ЛПВп,лпвп,100.00,✔️ Полное совпадение,5,0,0
210,Х-ЛПВП_2,ХЛПВП,лпвп,90.91,🟠 Частичное совпадение,5,0,0
211,Х-ЛПВП_4,Х-ЛпВП,лпвп,100.00,✔️ Полное совпадение,5,0,0
212,Х-ЛПВП_5,-ЛПВП,лпвп,90.91,🟠 Частичное совпадение,4,0,0
213,Х ЛПВП_0,Х ЛВП,лпвп,90.91,🟠 Частичное совпадение,4,0,0
214,Х ЛПВП_1,Х лПВП,лпвп,100.00,✔️ Полное совпадение,5,0,0
215,Х ЛПВП_2, ЛПВП,лпвп,80.00,🟠 Частичное совпадение,4,0,0
216,Х ЛПВП_3,Х ЛП ВП,лпвп,92.31,🟠 Частичное совпадение,5,0,0
217,Х ЛПВП_5,Х ЛПП,лпнп,90.91,❌ Неверное совпадение,4,0,0
218,Х ЛПВП_6,Х  ЛПВП,лпвп,92.31,🟠 Частичное совпадение,5,0,0
219,Х ЛПВП_7,Х ПВП,лпвп,90.91,🟠 Частичное совпадение,4,0,0
220,ХС ЛПВП_0,ХС ЛВП,лпвп,92.31,🟠 Частичное совпадение,5,0,0
221,ХС ЛПВП_2,ХС ПВП,лпвп,92.31,🟠 Частичное совпадение,5,0,0
222,ХС ЛПВП_3,ХС Л ПВП,лпвп,93.33,🟠 Частичное совпадение,6,0,0
223,ХС ЛПВП_4,Х ЛПВП,лпвп,100.00,✔️ Полное совпадение,5,0,0
224,ХС ЛПВП_5,ХС ЛП ВП,лпвп,93.33,🟠 Частичное совпадение,6,0,0
225,ХС ЛПВП_6,ЛПВП ХС,лпвп,100.00,✔️ Полное совпадение,6,0,0
226,ХС ЛПВП_7,ХС  ЛПВП,лпвп,93.33,🟠 Частичное совпадение,6,0,0
227,Липопротеины высокой плотности_0,Липопротeины высокой Плотности,лпвп,100.00,✔️ Полное совпадение,27,1,0
228,Липопротеины высокой плотности_1,ЛипопротеинЫ высокой плотности,лпвп,100.00,✔️ Полное совпадение,28,0,0
229,Липопротеины высокой плотности_2,Липопротеины высокоЙ плотности,лпвп,100.00,✔️ Полное совпадение,28,0,0
230,Липопротеины высокой плотности_3,Липопротины высокой плотности,лпвп,98.31,🟠 Частичное совпадение,27,0,0
231,Липопротеины высокой плотности_4,ипопротеины высокой плотности,лпвп,98.31,🟠 Частичное совпадение,27,0,0
232,Липопротеины высокой плотности_5,попротеины высокой плoтности,лпвп,96.55,🟠 Частичное совпадение,25,1,0
233,Липопротеины высокой плотности_7,Липопротеины высоко плотности,лпвп,98.31,🟠 Частичное совпадение,27,0,0
234,HDL_1,hDL,лпвп,100.00,✔️ Полное совпадение,0,3,0
235,High-Density Lipoprotein_0,High-Density Lioproein,лпвп,95.65,🟠 Частичное совпадение,0,20,0
236,High-Density Lipoprotein_1,High-Density LipoproTein,лпвп,100.00,✔️ Полное совпадение,0,22,0
237,High-Density Lipoprotein_2,High-Dеnsity Lipopr otein,лпвп,97.96,🟠 Частичное совпадение,1,21,0
238,High-Density Lipoprotein_3,High-density  Lipoprotein,лпвп,97.96,🟠 Частичное совпадение,0,22,0
239,High-Density Lipoprotein_4,High-DensIty Lipoprotein,лпвп,100.00,✔️ Полное совпадение,0,22,0
240,High-Density Lipoprotein_5,igh-Density Lipoprotein,лпвп,97.87,🟠 Частичное совпадение,0,21,0
241,High-Density Lipoprotein_6,High-De nsity LIpoprotein,лпвп,97.96,🟠 Частичное совпадение,0,22,0
242,High-Density Lipoprotein_7,Hgh-Density Lipoprotein,лпвп,97.87,🟠 Частичное совпадение,0,21,0
243,Хороший холестерол_0,Хорошй холестерол,лпвп,97.14,🟠 Частичное совпадение,16,0,0
244,Хороший холестерол_1,Хороший холстерол,лпвп,97.14,🟠 Частичное совпадение,16,0,0
245,Хороший холестерол_2,Хороший холестеро,лпвп,97.14,🟠 Частичное совпадение,16,0,0
246,Хороший холестерол_3,Хороший холестЕрол,лпвп,100.00,✔️ Полное совпадение,17,0,0
247,Хороший холестерол_4,Х ороший холестер,лпвп,91.43,🟠 Частичное совпадение,15,0,0
248,Хороший холестерол_5,Хороий холестерол,лпвп,97.14,🟠 Частичное совпадение,16,0,0
249,Хороший холестерол_7,Хорош ий холестерол,лпвп,97.30,🟠 Частичное совпадение,17,0,0
250,Холестерин ЛПОНП_0,Холестер ин ЛПОНП,лпонп,96.97,🟠 Частичное совпадение,15,0,0
251,Холестерин ЛПОНП_1,ХолеСтерин ЛПОНП,лпонп,100.00,✔️ Полное совпадение,15,0,0
252,Холестерин ЛПОНП_2,олестерин ЛПОНП,лпонп,96.77,🟠 Частичное совпадение,14,0,0
253,Холестерин ЛПОНП_4,Холестерин ЛПОН,лпонп,96.77,🟠 Частичное совпадение,14,0,0
254,Холестерин ЛПОНП_5,Холес терин ЛПОНП,лпонп,96.97,🟠 Частичное совпадение,15,0,0
255,Холестерин ЛПОНП_6,ХолестеРн ЛПОНП,лпонп,96.77,🟠 Частичное совпадение,14,0,0
256,Холестерин ЛПОНП_7,лестрин ЛПОНП,лпонп,89.66,🟠 Частичное совпадение,12,0,0
257,Холестерин-ЛПОНП_0,Холестерин-ЛПО НП,лпонп,96.97,🟠 Частичное совпадение,15,0,0
258,Холестерин-ЛПОНП_1,Холестерин-ЛПНП,лпнп,100.00,❌ Неверное совпадение,14,0,0
259,Холестерин-ЛПОНП_3,Холестерин-ЛОНП,лпонп,96.77,🟠 Частичное совпадение,14,0,0
260,Холестерин-ЛПОНП_4,олестерин-ЛПОНП,лпонп,96.77,🟠 Частичное совпадение,14,0,0
261,Холестерин-ЛПОНП_5,Холестерин- ЛПОНП,лпонп,96.97,🟠 Частичное совпадение,15,0,0
262,Холестерин-ЛПОНП_6,Холестерин-ЛПОН,лпонп,96.77,🟠 Частичное совпадение,14,0,0
263,Холестерин-ЛПОНП_7,ХолестериН-ЛПОНП,лпонп,100.00,✔️ Полное совпадение,15,0,0
264,Х-ЛПОНП_0,Х-ЛПоНП,лпонп,100.00,✔️ Полное совпадение,6,0,0
265,Х-ЛПОНП_1,ЛПОНП,лпонп,83.33,🟠 Частичное совпадение,5,0,0
266,Х-ЛПОНП_3,ЛПОнП,лпонп,83.33,🟠 Частичное совпадение,5,0,0
267,Х-ЛПОНП_4,Х-ЛП ОНП,лпонп,93.33,🟠 Частичное совпадение,6,0,0
268,Х-ЛПОНП_5,Х-ЛПОН,лпонп,92.31,🟠 Частичное совпадение,5,0,0
269,Х-ЛПОНП_6,ХЛПОНП,лпонп,92.31,🟠 Частичное совпадение,6,0,0
270,Х-ЛПОНП_7,Х- ЛПОНП,лпонп,93.33,🟠 Частичное совпадение,6,0,0
271,Х ЛПОНП_0,Х Л ПОНП,лпонп,93.33,🟠 Частичное совпадение,6,0,0
272,Х ЛПОНП_1,Х ЛП ОНП,лпонп,93.33,🟠 Частичное совпадение,6,0,0
273,Х ЛПОНП_2,Х ЛПО,лпонп,83.33,🟠 Частичное совпадение,4,0,0
274,Х ЛПОНП_3,ЛПОНП,лпонп,83.33,🟠 Частичное совпадение,5,0,0
275,Х ЛПОНП_4,Х ЛП НП,лпнп,92.31,❌ Неверное совпадение,5,0,0
276,Х ЛПОНП_5,Х Л ПОН,лпонп,85.71,🟠 Частичное совпадение,5,0,0
277,Х ЛПОНП_7,Х ЛПОНп,лпонп,100.00,✔️ Полное совпадение,6,0,0
278,ХС ЛПОНП_0,С ЛПОНП,лпонп,93.33,🟠 Частичное совпадение,6,0,0
279,ХС ЛПОНП_1,ХС лПОНП,лпонп,100.00,✔️ Полное совпадение,7,0,0
280,ХС ЛПОНП_2,ХС лПО,лпонп,85.71,🟠 Частичное совпадение,5,0,0
281,ХС ЛПОНП_3, ЛПОНП,лпонп,83.33,🟠 Частичное совпадение,5,0,0
282,ХС ЛПОНП_4,ХС  ЛПОНП,лпонп,94.12,🟠 Частичное совпадение,7,0,0
283,ХС ЛПОНП_5,ХС ЛП,лпнп,83.33,❌ Неверное совпадение,4,0,0
284,ХС ЛПОНП_6,ЛПОНП ХС,лпонп,100.00,✔️ Полное совпадение,7,0,0
285,Липопротеины очень низкой плотности_1,Липопротеины очень низкой плотност,лпонп,98.55,🟠 Частичное совпадение,31,0,0
286,Липопротеины очень низкой плотности_2,Липопротеины очень низkой плотности,лпонп,100.00,✔️ Полное совпадение,31,1,0
287,Липопротеины очень низкой плотности_3,Липопротеины очень низкой пЛотност,лпонп,98.55,🟠 Частичное совпадение,31,0,0
288,Липопротеины очень низкой плотности_4,Липопротеины очен ь низкой плотности,лпонп,98.59,🟠 Частичное совпадение,32,0,0
289,Липопротеины очень низкой плотности_5,Липопротены очень низкой плотности,лпонп,98.55,🟠 Частичное совпадение,31,0,0
290,Липопротеины очень низкой плотности_6,попротеины очень низкой плотности,лпонп,97.06,🟠 Частичное совпадение,30,0,0
291,Липопротеины очень низкой плотности_7,Липопротеины очень низкй плотности,лпонп,98.55,🟠 Частичное совпадение,31,0,0
292,VLDL_0,VL DL,лпонп,88.89,🟠 Частичное совпадение,0,4,0
293,VLDL_1,VDL,лпонп,85.71,🟠 Частичное совпадение,0,3,0
294,VLDL_3,LDL,лпнп,100.00,❌ Неверное совпадение,0,3,0
295,VLDL_4,VLdL,лпонп,100.00,✔️ Полное совпадение,0,4,0
296,VLDL_5,VLDl,лпонп,100.00,✔️ Полное совпадение,0,4,0
297,VLDL_6,VLD,лпонп,85.71,🟠 Частичное совпадение,0,3,0
298,Very Low-Density Lipoprotein_0,ery Low-Density Lipoprotein,лпонп,98.18,🟠 Частичное совпадение,0,24,0
299,Very Low-Density Lipoprotein_1,Very ow-Density Lipoprotein,лпонп,98.18,🟠 Частичное совпадение,0,24,0
300,Very Low-Density Lipoprotein_2,Very Low-Density LipopRotein,лпонп,100.00,✔️ Полное совпадение,0,25,0
301,Very Low-Density Lipoprotein_3,Very LowDensity Lipoprotein,лпонп,98.18,🟠 Частичное совпадение,0,25,0
302,Very Low-Density Lipoprotein_5,Very Low-Density Lipoprot ein,лпонп,98.25,🟠 Частичное совпадение,0,25,0
303,Very Low-Density Lipoprotein_6,Ve ry Low-Density Lipoprotein,лпонп,98.25,🟠 Частичное совпадение,0,25,0
304,Very Low-Density Lipoprotein_7,Very Low-Densit Lipoprotein,лпонп,98.18,🟠 Частичное совпадение,0,24,0
305,Триглицериды_0,ТриГлиц ериды,триглицериды,96.00,🟠 Частичное совпадение,12,0,0
306,Триглицериды_2,Тригли цериды,триглицериды,96.00,🟠 Частичное совпадение,12,0,0
307,Триглицериды_3,Триглицерид,триглицериды,95.65,🟠 Частичное совпадение,11,0,0
308,Триглицериды_4,риглицериды,триглицериды,95.65,🟠 Частичное совпадение,11,0,0
309,Триглицериды_5,Триглицери,триглицериды,90.91,🟠 Частичное совпадение,10,0,0
310,Триглицериды_6,Тригицериды,триглицериды,95.65,🟠 Частичное совпадение,11,0,0
311,Триглицериды_7,Триглиц ериды,триглицериды,96.00,🟠 Частичное совпадение,12,0,0
312,Trig_0,rig,триглицериды,85.71,🟠 Частичное совпадение,0,3,0
313,Trig_2,trig,триглицериды,100.00,✔️ Полное совпадение,0,4,0
314,Trig_3,T rig,триглицериды,88.89,🟠 Частичное совпадение,0,4,0
315,Trig_4,Tri,триглицериды,85.71,🟠 Частичное совпадение,0,3,0
316,Trig_5,TrIg,триглицериды,100.00,✔️ Полное совпадение,0,4,0
317,ТГ_1,Тг,триглицериды,100.00,✔️ Полное совпадение,2,0,0
318,Triglycerides_0,Triglyceride,триглицериды,96.00,🟠 Частичное совпадение,0,12,0
319,Triglycerides_1,Triglуcerides,триглицериды,100.00,✔️ Полное совпадение,1,12,0
320,Triglycerides_2,Triglycerdes,триглицериды,96.00,🟠 Частичное совпадение,0,12,0
321,Triglycerides_3,Trglycerides,триглицериды,96.00,🟠 Частичное совпадение,0,12,0
322,Triglycerides_4,iglycerides,триглицериды,91.67,🟠 Частичное совпадение,0,11,0
323,Triglycerides_5,Triglyceides,триглицериды,96.00,🟠 Частичное совпадение,0,12,0
324,Triglycerides_6,Triglyce rIdes,триглицериды,96.30,🟠 Частичное совпадение,0,13,0
325,Triglycerides_7,Trig lycerides,триглицериды,96.30,🟠 Частичное совпадение,0,13,0
326,Липиды_1,Липид,триглицериды,90.91,🟠 Частичное совпадение,5,0,0
327,Липиды_2,Липи ды,триглицериды,92.31,🟠 Частичное совпадение,6,0,0
328,Липиды_3,ЛипидЫ,триглицериды,100.00,✔️ Полное совпадение,6,0,0
329,Липиды_4,ипиды,триглицериды,90.91,🟠 Частичное совпадение,5,0,0
330,Липиды_5,Л ипиды,триглицериды,92.31,🟠 Частичное совпадение,6,0,0
331,Фосфолипиды_0,Фофолипиды,фосфолипиды,95.24,🟠 Частичное совпадение,10,0,0
332,Фосфолипиды_1,ФосфолипидЫ,фосфолипиды,100.00,✔️ Полное совпадение,11,0,0
333,Фосфолипиды_3,ФоСфолипиды,фосфолипиды,100.00,✔️ Полное совпадение,11,0,0
334,Фосфолипиды_4,Фо сфолипиды,фосфолипиды,95.65,🟠 Частичное совпадение,11,0,0
335,Фосфолипиды_5,ФосфoЛипиды,фосфолипиды,100.00,✔️ Полное совпадение,10,1,0
336,Фосфолипиды_6,сфолипиды,фосфолипиды,90.00,🟠 Частичное совпадение,9,0,0
337,Фосфолипиды_7,Фосфолипид,фосфолипиды,95.24,🟠 Частичное совпадение,10,0,0
338,Phospholipids_0,Phospholip,фосфолипиды,86.96,🟠 Частичное совпадение,0,10,0
339,Phospholipids_1,P hospholipids,фосфолипиды,96.30,🟠 Частичное совпадение,0,13,0
340,Phospholipids_2,Ph ospholipids,фосфолипиды,96.30,🟠 Частичное совпадение,0,13,0
341,Phospholipids_4,Phospholipid,фосфолипиды,96.00,🟠 Частичное совпадение,0,12,0
342,Phospholipids_5,Pho spholipids,фосфолипиды,96.30,🟠 Частичное совпадение,0,13,0
343,Phospholipids_6,Phospho lipids,фосфолипиды,96.30,🟠 Частичное совпадение,0,13,0
344,Phospholipids_7,Phosрholipids,фосфолипиды,100.00,✔️ Полное совпадение,1,12,0
345,Общий билирубин_0,Обий билирубин,билирубин общий,96.55,🟠 Частичное совпадение,13,0,0
346,Общий билирубин_1,Общий билируин,билирубин общий,96.55,🟠 Частичное совпадение,13,0,0
347,Общий билирубин_2,Общий биЛирубин,билирубин общий,100.00,✔️ Полное совпадение,14,0,0
348,Общий билирубин_4,Общий бИлирубн,билирубин общий,96.55,🟠 Частичное совпадение,13,0,0
349,Общий билирубин_5,О бщий билрубин,билирубин общий,93.33,🟠 Частичное совпадение,13,0,0
350,Общий билирубин_6,Общий билир убин,билирубин общий,96.77,🟠 Частичное совпадение,14,0,0
351,Общий билирубин_7,Общ ий билирубин,билирубин общий,96.77,🟠 Частичное совпадение,14,0,0
352,Total Bilirubin_0,Total Bilirub in,билирубин общий,96.77,🟠 Частичное совпадение,0,14,0
353,Total Bilirubin_2,Tota l Bilirubin,билирубин общий,96.77,🟠 Частичное совпадение,0,14,0
354,Total Bilirubin_3,TotaL Bilirubin,билирубин общий,100.00,✔️ Полное совпадение,0,14,0
355,Total Bilirubin_4,TOtal Bilirubin,билирубин общий,100.00,✔️ Полное совпадение,0,14,0
356,Total Bilirubin_5,Totl Bilirbin,билирубин общий,92.86,🟠 Частичное совпадение,0,12,0
357,Total Bilirubin_6,tal Bilirub,билирубин общий,84.62,🟠 Частичное совпадение,0,10,0
358,Total Bilirubin_7,Total BiliRubin,билирубин общий,100.00,✔️ Полное совпадение,0,14,0
359,TBIL_0,TIL,билирубин общий,85.71,🟠 Частичное совпадение,0,3,0
360,TBIL_1,TBI,билирубин общий,85.71,🟠 Частичное совпадение,0,3,0
361,TBIL_2,TBiL,билирубин общий,100.00,✔️ Полное совпадение,0,4,0
362,TBIL_3,T BIL,билирубин общий,88.89,🟠 Частичное совпадение,0,4,0
363,TBIL_5,BIL,билирубин общий,85.71,🟠 Частичное совпадение,0,3,0
364,Прямой билирубин_0,Прямой билирyбин,билирубин прямой,100.00,✔️ Полное совпадение,14,1,0
365,Прямой билирубин_1,Прямой  билирубин,билирубин прямой,96.97,🟠 Частичное совпадение,15,0,0
366,Прямой билирубин_2,Прямой биируб,билирубин прямой,89.66,🟠 Частичное совпадение,12,0,0
367,Прямой билирубин_3,рямо билирубин,билирубин прямой,93.33,🟠 Частичное совпадение,13,0,0
368,Прямой билирубин_4,Прмой билирубин,билирубин прямой,96.77,🟠 Частичное совпадение,14,0,0
369,Прямой билирубин_5,Прямой билирубн,билирубин прямой,96.77,🟠 Частичное совпадение,14,0,0
370,Прямой билирубин_7,Прямой билиру бИн,билирубин прямой,96.97,🟠 Частичное совпадение,15,0,0
371,Связанный билирубин_0,Свзанный билирубин,билирубин прямой,97.30,🟠 Частичное совпадение,17,0,0
372,Связанный билирубин_1,Связанн ый билирубин,билирубин прямой,97.44,🟠 Частичное совпадение,18,0,0
373,Связанный билирубин_2,СвяЗанный билирубин,билирубин прямой,100.00,✔️ Полное совпадение,18,0,0
374,Связанный билирубин_3,язанный билирубин,билирубин прямой,94.44,🟠 Частичное совпадение,16,0,0
375,Связанный билирубин_5,Связа нный билирубин,билирубин прямой,97.44,🟠 Частичное совпадение,18,0,0
376,Связанный билирубин_6,Связанныйбилрубин,билирубин прямой,94.44,🟠 Частичное совпадение,17,0,0
377,Связанный билирубин_7,вязанный билирубин,билирубин прямой,97.30,🟠 Частичное совпадение,17,0,0
378,Конъюгированный билирубин_0,Конъю гированный билирубин,билирубин прямой,98.04,🟠 Частичное совпадение,24,0,0
379,Конъюгированный билирубин_1,Конъюг ированный билирубин,билирубин прямой,98.04,🟠 Частичное совпадение,24,0,0
380,Конъюгированный билирубин_3,Ко нъюгированный билирубин,билирубин прямой,98.04,🟠 Частичное совпадение,24,0,0
381,Конъюгированный билирубин_4,Конъюгированный бИлирубин,билирубин прямой,100.00,✔️ Полное совпадение,24,0,0
382,Конъюгированный билирубин_5,Конъюгированный билируби,билирубин прямой,97.96,🟠 Частичное совпадение,23,0,0
383,Конъюгированный билирубин_6,нъюгированный билируб ин,билирубин прямой,93.88,🟠 Частичное совпадение,22,0,0
384,Конъюгированный билирубин_7,Конъюгированный билируБин,билирубин прямой,100.00,✔️ Полное совпадение,24,0,0
385,Direct Bilirubin_1,Direct Bilir ubin,билирубин прямой,96.97,🟠 Частичное совпадение,0,15,0
386,Direct Bilirubin_2,Diect Bilirubin,билирубин прямой,96.77,🟠 Частичное совпадение,0,14,0
387,Direct Bilirubin_3,Direct Bilrubin,билирубин прямой,96.77,🟠 Частичное совпадение,0,14,0
388,Direct Bilirubin_4,Direc t Bilirubin,билирубин прямой,96.97,🟠 Частичное совпадение,0,15,0
389,Direct Bilirubin_5,Direct BilirUbin,билирубин прямой,100.00,✔️ Полное совпадение,0,15,0
390,Direct Bilirubin_6,Direct Bi1irubin,билирубин прямой,93.75,🟠 Частичное совпадение,0,14,1
391,Direct Bilirubin_7,Direct Blirubin,билирубин прямой,96.77,🟠 Частичное совпадение,0,14,0
392,DBIL_0,DBL,билирубин прямой,85.71,🟠 Частичное совпадение,0,3,0
393,DBIL_1,DBI,билирубин прямой,85.71,🟠 Частичное совпадение,0,3,0
394,DBIL_2,DB IL,билирубин прямой,88.89,🟠 Частичное совпадение,0,4,0
395,DBIL_3,DbIL,билирубин прямой,100.00,✔️ Полное совпадение,0,4,0
396,DBIL_4,DBiL,билирубин прямой,100.00,✔️ Полное совпадение,0,4,0
397,DBIL_5,BIL,билирубин общий,85.71,❌ Неверное совпадение,0,3,0
398,DBIL_6,DBIl,билирубин прямой,100.00,✔️ Полное совпадение,0,4,0
399,Непрямой билирубин_0,епрямо й билирубин,билирубин непрямой,94.44,🟠 Частичное совпадение,16,0,0
400,Непрямой билирубин_1,Непрямой билируби,билирубин непрямой,97.14,🟠 Частичное совпадение,16,0,0
401,Непрямой билирубин_2,прямой билирубин,билирубин прямой,100.00,❌ Неверное совпадение,15,0,0
402,Непрямой билирубин_4,Непрямой били рубин,билирубин непрямой,97.30,🟠 Частичное совпадение,17,0,0
403,Непрямой билирубин_5,Непрямо й билирубин,билирубин непрямой,97.30,🟠 Частичное совпадение,17,0,0
404,Непрямой билирубин_6,Непрямой билируб,билирубин непрямой,94.12,🟠 Частичное совпадение,15,0,0
405,Непрямой билирубин_7,НепряМой билирубин,билирубин непрямой,100.00,✔️ Полное совпадение,17,0,0
406,Свободный билирубин_0,Свободный  билирубин,билирубин непрямой,97.44,🟠 Частичное совпадение,18,0,0
407,Свободный билирубин_2,Свободный билиpубин,билирубин непрямой,100.00,✔️ Полное совпадение,17,1,0
408,Свободный билирубин_3,Свободный биирубин,билирубин непрямой,97.30,🟠 Частичное совпадение,17,0,0
409,Свободный билирубин_4,вободный билируб,билирубин непрямой,91.43,🟠 Частичное совпадение,15,0,0
410,Свободный билирубин_5,Свoбодный билирубин,билирубин непрямой,100.00,✔️ Полное совпадение,17,1,0
411,Свободный билирубин_6,бодный билирубин,билирубин непрямой,91.43,🟠 Частичное совпадение,15,0,0
412,Свободный билирубин_7,Сободный билирубин,билирубин непрямой,97.30,🟠 Частичное совпадение,17,0,0
413,Неконъюгированный билирубин_0,Не конъюгированный билирубин,билирубин непрямой,98.18,🟠 Частичное совпадение,26,0,0
414,Неконъюгированный билирубин_1,Неконъюгированный билирбин,билирубин непрямой,98.11,🟠 Частичное совпадение,25,0,0
415,Неконъюгированный билирубин_2,Неконъюгированн ый билирубин,билирубин непрямой,98.18,🟠 Частичное совпадение,26,0,0
416,Неконъюгированный билирубин_3,НеКонъюгированный билирубин,билирубин непрямой,100.00,✔️ Полное совпадение,26,0,0
417,Неконъюгированный билирубин_5,Неконъю гированный билирубин,билирубин непрямой,98.18,🟠 Частичное совпадение,26,0,0
418,Неконъюгированный билирубин_6,конъюгированный билирубин,билирубин прямой,100.00,❌ Неверное совпадение,24,0,0
419,Неконъюгированный билирубин_7,неконъюгированный билирубин,билирубин непрямой,100.00,✔️ Полное совпадение,26,0,0
420,Indirect Bilirubin_0,Indiect Bilirubin,билирубин непрямой,97.14,🟠 Частичное совпадение,0,16,0
421,Indirect Bilirubin_1,Indirect Bilirbin,билирубин непрямой,97.14,🟠 Частичное совпадение,0,16,0
422,Indirect Bilirubin_2,ndirect Bilirub,билирубин непрямой,90.91,🟠 Частичное совпадение,0,14,0
423,Indirect Bilirubin_3,In dirEct Bilirubin,билирубин непрямой,97.30,🟠 Частичное совпадение,0,17,0
424,Indirect Bilirubin_4,Indirect Bilirub,билирубин непрямой,94.12,🟠 Частичное совпадение,0,15,0
425,Indirect Bilirubin_5,Indirect Biliru bin,билирубин непрямой,97.30,🟠 Частичное совпадение,0,17,0
426,Indirect Bilirubin_6,IndirectBilirubi,билирубин непрямой,94.12,🟠 Частичное совпадение,0,16,0
427,IBIL_0,IbIL,билирубин непрямой,100.00,✔️ Полное совпадение,0,4,0
428,IBIL_1,I8IL,билирубин непрямой,100.00,✔️ Полное совпадение,0,3,1
429,IBIL_2,IBL,билирубин непрямой,85.71,🟠 Частичное совпадение,0,3,0
430,IBIL_3,IBI,билирубин непрямой,85.71,🟠 Частичное совпадение,0,3,0
431,IBIL_4,I BIL,билирубин непрямой,88.89,🟠 Частичное совпадение,0,4,0
432,IBIL_5,BIL,билирубин общий,85.71,❌ Неверное совпадение,0,3,0
433,IBIL_7,IBiL,билирубин непрямой,100.00,✔️ Полное совпадение,0,4,0
434,Билирубин_0,билирубин,дополнительные билирубины,100.00,✔️ Полное совпадение,9,0,0
435,Билирубин_1,Билиру бин,дополнительные билирубины,94.74,🟠 Частичное совпадение,9,0,0
436,Билирубин_3,Би лируб,дополнительные билирубины,82.35,🟠 Частичное совпадение,7,0,0
437,Билирубин_4,БилИрубин,дополнительные билирубины,100.00,✔️ Полное совпадение,9,0,0
438,Билирубин_5,БиируБин,дополнительные билирубины,94.12,🟠 Частичное совпадение,8,0,0
439,Билирубин_6,Биирубин,дополнительные билирубины,94.12,🟠 Частичное совпадение,8,0,0
440,Билирубин_7,Б илирубин,дополнительные билирубины,94.74,🟠 Частичное совпадение,9,0,0
441,Моноглюкоронид_0,Моноглюкоpонид,дополнительные билирубины,100.00,✔️ Полное совпадение,13,1,0
442,Моноглюкоронид_2,МоноглюКоронид,дополнительные билирубины,100.00,✔️ Полное совпадение,14,0,0
443,Моноглюкоронид_3,оноглюкоронид,дополнительные билирубины,96.30,🟠 Частичное совпадение,13,0,0
444,Моноглюкоронид_4,оноглюкорони,дополнительные билирубины,92.31,🟠 Частичное совпадение,12,0,0
445,Моноглюкоронид_5,МоноглюкорОнид,дополнительные билирубины,100.00,✔️ Полное совпадение,14,0,0
446,Моноглюкоронид_6,МоНоглюкоронид,дополнительные билирубины,100.00,✔️ Полное совпадение,14,0,0
447,Моноглюкоронид_7,Моноглюкорони,дополнительные билирубины,96.30,🟠 Частичное совпадение,13,0,0
448,Диглюкоронид_0,ДИглюкоронид,дополнительные билирубины,100.00,✔️ Полное совпадение,12,0,0
449,Диглюкоронид_1,Диглюкорон ид,дополнительные билирубины,96.00,🟠 Частичное совпадение,12,0,0
450,Диглюкоронид_2,Диглюкоpонид,дополнительные билирубины,100.00,✔️ Полное совпадение,11,1,0
451,Диглюкоронид_3,иглюКоронид,дополнительные билирубины,95.65,🟠 Частичное совпадение,11,0,0
452,Диглюкоронид_4,Дглюкоронид,дополнительные билирубины,95.65,🟠 Частичное совпадение,11,0,0
453,Диглюкоронид_5,Диглюkоронид,дополнительные билирубины,100.00,✔️ Полное совпадение,11,1,0
454,Диглюкоронид_7,глюкоронид,дополнительные билирубины,90.91,🟠 Частичное совпадение,10,0,0
455,Билирубин-глюкуронид_0,лирубин-глюкуронид,дополнительные билирубины,94.74,🟠 Частичное совпадение,17,0,0
456,Билирубин-глюкуронид_2,Билирубин-глюкуронд,дополнительные билирубины,97.44,🟠 Частичное совпадение,18,0,0
457,Билирубин-глюкуронид_3,Билирубин-гЛюкуронид,дополнительные билирубины,100.00,✔️ Полное совпадение,19,0,0
458,Билирубин-глюкуронид_4,илирубин-глюкуронид,дополнительные билирубины,97.44,🟠 Частичное совпадение,18,0,0
459,Билирубин-глюкуронид_5,Билирубин-глюкуронИд,дополнительные билирубины,100.00,✔️ Полное совпадение,19,0,0
460,Билирубин-глюкуронид_6,Биирубин-глюкурони,дополнительные билирубины,94.74,🟠 Частичное совпадение,17,0,0
461,Билирубин-глюкуронид_7,Билиpубин-глюкуронид,дополнительные билирубины,100.00,✔️ Полное совпадение,18,1,0
462,Общий белок_0,бщий белок,общий белок,95.24,🟠 Частичное совпадение,9,0,0
463,Общий белок_2,белок Общий,общий белок,100.00,✔️ Полное совпадение,10,0,0
464,Общий белок_3,Общий белоk,общий белок,100.00,✔️ Полное совпадение,9,1,0
465,Общий белок_4,щий бело,общий белок,84.21,🟠 Частичное совпадение,7,0,0
466,Общий белок_5,Общий Бел,общий белок,90.00,🟠 Частичное совпадение,8,0,0
467,Общий белок_6,Общий бeлок,общий белок,100.00,✔️ Полное совпадение,9,1,0
468,Общий белок_7,Общий белОк,общий белок,100.00,✔️ Полное совпадение,10,0,0
469,Total Protein_0,Tot al Protein,общий белок,96.30,🟠 Частичное совпадение,0,12,0
470,Total Protein_1,Total Prote,общий белок,91.67,🟠 Частичное совпадение,0,10,0
471,Total Protein_3,T otal Protein,общий белок,96.30,🟠 Частичное совпадение,0,12,0
472,Total Protein_4,tal Prote,общий белок,81.82,🟠 Частичное совпадение,0,8,0
473,Total Protein_5,Total Pro tei,общий белок,92.31,🟠 Частичное совпадение,0,11,0
474,Total Protein_6,TOtal Protein,общий белок,100.00,✔️ Полное совпадение,0,12,0
475,Total Protein_7,otal Protein,общий белок,96.00,🟠 Частичное совпадение,0,11,0
476,TP_1,Tp,общий белок,100.00,✔️ Полное совпадение,0,2,0
477,Альбумин_1,альбумин,альбумин,100.00,✔️ Полное совпадение,8,0,0
478,Альбумин_2,Альумин,альбумин,93.33,🟠 Частичное совпадение,7,0,0
479,Альбумин_3,АльбумиН,альбумин,100.00,✔️ Полное совпадение,8,0,0
480,Альбумин_4,АльБу мин,альбумин,94.12,🟠 Частичное совпадение,8,0,0
481,Альбумин_5,АльбумИн,альбумин,100.00,✔️ Полное совпадение,8,0,0
482,Альбумин_6,Аль бумин,альбумин,94.12,🟠 Частичное совпадение,8,0,0
483,Альбумин_7,АльбУмин,альбумин,100.00,✔️ Полное совпадение,8,0,0
484,Albumin_1,Albu min,альбумин,93.33,🟠 Частичное совпадение,0,7,0
485,Albumin_2,AlbumiN,альбумин,100.00,✔️ Полное совпадение,0,7,0
486,Albumin_3,ALbuMin,альбумин,100.00,✔️ Полное совпадение,0,7,0
487,Albumin_4,Album in,альбумин,93.33,🟠 Частичное совпадение,0,7,0
488,Albumin_5,Alb umin,альбумин,93.33,🟠 Частичное совпадение,0,7,0
489,Albumin_6,Albumn,альбумин,92.31,🟠 Частичное совпадение,0,6,0
490,Albumin_7,Al bumin,альбумин,93.33,🟠 Частичное совпадение,0,7,0
491,ALB_0,ALb,альбумин,100.00,✔️ Полное совпадение,0,3,0
492,Альфа-1-глобулины_0,альфа-1-глоблины,альфа-1-глобулины,96.97,🟠 Частичное совпадение,13,0,1
493,Альфа-1-глобулины_1,Альа-1-глобулины,альфа-1-глобулины,96.97,🟠 Частичное совпадение,13,0,1
494,Альфа-1-глобулины_2,Альфа1глобулины,альфа-2-глобулины,87.50,❌ Неверное совпадение,14,0,1
495,Альфа-1-глобулины_3,льфа-1-глобулины,альфа-1-глобулины,96.97,🟠 Частичное совпадение,13,0,1
496,Альфа-1-глобулины_4,Аьфа-1-глобулины,альфа-1-глобулины,96.97,🟠 Частичное совпадение,13,0,1
497,Альфа-1-глобулины_6,Альфа -1-глобулины,альфа-1-глобулины,97.14,🟠 Частичное совпадение,14,0,1
498,Альфа-1-глобулины_7,Аль фа-1-глобулины,альфа-1-глобулины,97.14,🟠 Частичное совпадение,14,0,1
499,Alpha-1-globulins_0,Alph a-1-globulins,альфа-1-глобулины,97.14,🟠 Частичное совпадение,0,14,1
500,Alpha-1-globulins_1,pha-1-globulins,альфа-1-глобулины,93.75,🟠 Частичное совпадение,0,12,1
501,Alpha-1-globulins_2,Alpha-1-gl obulin,альфа-1-глобулины,94.12,🟠 Частичное совпадение,0,13,1
502,Alpha-1-globulins_3,AlphA-1-globulins,альфа-1-глобулины,100.00,✔️ Полное совпадение,0,14,1
503,Alpha-1-globulins_4,Alpha-1-globulinS,альфа-1-глобулины,100.00,✔️ Полное совпадение,0,14,1
504,Alpha-1-globulins_5,lph-1-globulins,альфа-1-глобулины,93.75,🟠 Частичное совпадение,0,12,1
505,Alpha-1-globulins_6,Alpha-1-globuli ns,альфа-1-глобулины,97.14,🟠 Частичное совпадение,0,14,1
506,Альфа-2-глобулины_0,АЛьфа-2-глобулины,альфа-2-глобулины,100.00,✔️ Полное совпадение,14,0,1
507,Альфа-2-глобулины_1,Альфа-2-глобулин,альфа-2-глобулины,96.97,🟠 Частичное совпадение,13,0,1
508,Альфа-2-глобулины_2,Альф а-2-глобулины,альфа-2-глобулины,97.14,🟠 Частичное совпадение,14,0,1
509,Альфа-2-глобулины_3,Альфа -2-глобулины,альфа-2-глобулины,97.14,🟠 Частичное совпадение,14,0,1
510,Альфа-2-глобулины_5,Альфа-2-глобуЛины,альфа-2-глобулины,100.00,✔️ Полное совпадение,14,0,1
511,Альфа-2-глобулины_6,Альфа-2-глбулины,альфа-2-глобулины,96.97,🟠 Частичное совпадение,13,0,1
512,Альфа-2-глобулины_7,Альфа-2-глоблины,альфа-2-глобулины,96.97,🟠 Частичное совпадение,13,0,1
513,Alpha-2-globulins_0,Alpha-2-lob ulins,альфа-2-глобулины,94.12,🟠 Частичное совпадение,0,13,1
514,Alpha-2-globulins_1,Alpha2globulins,альфа-2-глобулины,87.50,🟠 Частичное совпадение,0,14,1
515,Alpha-2-globulins_2,Alpha-2-gloulins,альфа-2-глобулины,96.97,🟠 Частичное совпадение,0,13,1
516,Alpha-2-globulins_3,Alpha- 2-globulins,альфа-2-глобулины,97.14,🟠 Частичное совпадение,0,14,1
517,Alpha-2-globulins_4,Alpha-2-globulin,альфа-2-глобулины,96.97,🟠 Частичное совпадение,0,13,1
518,Alpha-2-globulins_6,pha-2-globulins,альфа-2-глобулины,93.75,🟠 Частичное совпадение,0,12,1
519,Alpha-2-globulins_7,Alpha2g lobulins,альфа-2-глобулины,84.85,🟠 Частичное совпадение,0,14,1
520,Бета-глобулины_0,Бета-гло булины,бета-глобулины,96.55,🟠 Частичное совпадение,13,0,0
521,Бета-глобулины_1,Бета-глобуЛины,бета-глобулины,100.00,✔️ Полное совпадение,13,0,0
522,Бета-глобулины_2,Бета-глобу лины,бета-глобулины,96.55,🟠 Частичное совпадение,13,0,0
523,Бета-глобулины_3,ета-глобулины,бета-глобулины,96.30,🟠 Частичное совпадение,12,0,0
524,Бета-глобулины_4,Бета-глобулиНы,бета-глобулины,100.00,✔️ Полное совпадение,13,0,0
525,Бета-глобулины_5,Бет а-глобулины,бета-глобулины,96.55,🟠 Частичное совпадение,13,0,0
526,Бета-глобулины_6,Бета-глобуины,бета-глобулины,96.30,🟠 Частичное совпадение,12,0,0
527,Beta-globulins_0,ta-globulins,бета-глобулины,92.31,🟠 Частичное совпадение,0,11,0
528,Beta-globulins_1,Bet a-globulins,бета-глобулины,96.55,🟠 Частичное совпадение,0,13,0
529,Beta-globulins_2,B eta-globulins,бета-глобулины,96.55,🟠 Частичное совпадение,0,13,0
530,Beta-globulins_3,BeTa-globulins,бета-глобулины,100.00,✔️ Полное совпадение,0,13,0
531,Beta-globulins_4,Beta-globuli nS,бета-глобулины,96.55,🟠 Частичное совпадение,0,13,0
532,Beta-globulins_5,BetaglobulIns,бета-глобулины,96.30,🟠 Частичное совпадение,0,13,0
533,Beta-globulins_6,Beta-gLоbulins,бета-глобулины,100.00,✔️ Полное совпадение,1,12,0
534,Гамма-глобулины_0,Гамма-гло булины,гамма-глобулины,96.77,🟠 Частичное совпадение,14,0,0
535,Гамма-глобулины_1,Гамм а-глобулины,гамма-глобулины,96.77,🟠 Частичное совпадение,14,0,0
536,Гамма-глобулины_3,Гамма-глобулны,гамма-глобулины,96.55,🟠 Частичное совпадение,13,0,0
537,Гамма-глобулины_4,амма-глобулин,гамма-глобулины,92.86,🟠 Частичное совпадение,12,0,0
538,Гамма-глобулины_5,гамма-глобулины,гамма-глобулины,100.00,✔️ Полное совпадение,14,0,0
539,Гамма-глобулины_6,Гамм-глобулины,гамма-глобулины,96.55,🟠 Частичное совпадение,13,0,0
540,Гамма-глобулины_7,Гамма-г лобулины,гамма-глобулины,96.77,🟠 Частичное совпадение,14,0,0
541,Gamma-globulins_0,Gamma-globul ins,гамма-глобулины,96.77,🟠 Частичное совпадение,0,14,0
542,Gamma-globulins_1,Gamma-globuli Ns,гамма-глобулины,96.77,🟠 Частичное совпадение,0,14,0
543,Gamma-globulins_2,GaMma-globulins,гамма-глобулины,100.00,✔️ Полное совпадение,0,14,0
544,Gamma-globulins_3,amma-globulins,гамма-глобулины,96.55,🟠 Частичное совпадение,0,13,0
545,Gamma-globulins_4,Gamma-globulin,гамма-глобулины,96.55,🟠 Частичное совпадение,0,13,0
546,Gamma-globulins_5,mma-globulins,гамма-глобулины,92.86,🟠 Частичное совпадение,0,12,0
547,Gamma-globulins_6,Gamma-glob ulins,гамма-глобулины,96.77,🟠 Частичное совпадение,0,14,0
548,АсАт_0,А сАт,аст,88.89,🟠 Частичное совпадение,4,0,0
549,АсАт_1,Ас Ат,аст,88.89,🟠 Частичное совпадение,4,0,0
550,АсАт_2,АсА,аст,85.71,🟠 Частичное совпадение,3,0,0
551,АсАт_3,сАт,аст,85.71,🟠 Частичное совпадение,3,0,0
552,АсАт_4,Аст,аст,100.00,✔️ Полное совпадение,3,0,0
553,АсАт_6,асАт,аст,100.00,✔️ Полное совпадение,4,0,0
554,АСТ_0,АСт,аст,100.00,✔️ Полное совпадение,3,0,0
555,АСТ_1,АсТ,аст,100.00,✔️ Полное совпадение,3,0,0
556,AST_0,AsT,аст,100.00,✔️ Полное совпадение,0,3,0
557,AST_2,ASt,аст,100.00,✔️ Полное совпадение,0,3,0
558,Аспартатаминотрансфераза_1,Аспартатаминотрансфраза,аст,97.87,🟠 Частичное совпадение,23,0,0
559,Аспартатаминотрансфераза_2,Аспартатаминотрансфеа,аст,93.33,🟠 Частичное совпадение,21,0,0
560,Аспартатаминотрансфераза_3,Аспартатаминотрнсфераза,аст,97.87,🟠 Частичное совпадение,23,0,0
561,Аспартатаминотрансфераза_4,АспартатаминотрансФераза,аст,100.00,✔️ Полное совпадение,24,0,0
562,Аспартатаминотрансфераза_5,Аспартатминотрансфераза,аст,97.87,🟠 Частичное совпадение,23,0,0
563,Аспартатаминотрансфераза_6,Ас партатаминотрансфераза,аст,97.96,🟠 Частичное совпадение,24,0,0
564,Аспартатаминотрансфераза_7,АспартатамИнотрансфераза,аст,100.00,✔️ Полное совпадение,24,0,0
565,Аспартат-аминотрансфераза_0,Аспартат-аминотрансфера,аст,95.83,🟠 Частичное совпадение,22,0,0
566,Аспартат-аминотрансфераза_1,Аспартат-aминотрансфераЗа,аст,100.00,✔️ Полное совпадение,23,1,0
567,Аспартат-аминотрансфераза_2,Аспартатаминотрансфераза,аст,100.00,✔️ Полное совпадение,24,0,0
568,Аспартат-аминотрансфераза_3,Аспартатаминoтрансфераза,аст,100.00,✔️ Полное совпадение,23,1,0
569,Аспартат-аминотрансфераза_4,Аcартат-аминотрансфераза,аст,97.96,🟠 Частичное совпадение,22,1,0
570,Аспартат-аминотрансфераза_6,Аcпартат-аминотрансфераза,аст,100.00,✔️ Полное совпадение,23,1,0
571,Аспартат-аминотрансфераза_7,артат-аминотрансфераза,аст,93.62,🟠 Частичное совпадение,21,0,0
572,Aspartate Aminotransferase_0,Aspartate Aminotransfer ase,аст,98.11,🟠 Частичное совпадение,0,25,0
573,Aspartate Aminotransferase_1,Aspartate Aminotransferas,аст,98.04,🟠 Частичное совпадение,0,24,0
574,Aspartate Aminotransferase_2,AspArtate AminotRansferase,аст,100.00,✔️ Полное совпадение,0,25,0
575,Aspartate Aminotransferase_3,Aspartate  Aminotransferase,аст,98.11,🟠 Частичное совпадение,0,25,0
576,Aspartate Aminotransferase_4,Aspartate Aminotransfera,аст,96.00,🟠 Частичное совпадение,0,23,0
577,Aspartate Aminotransferase_6,partate Aminotransferase,аст,96.00,🟠 Частичное совпадение,0,23,0
578,Aspartate Aminotransferase_7,Aspartte Aminotransferase,аст,98.04,🟠 Частичное совпадение,0,24,0
579,АлАт_0,Ал Ат,алт,88.89,🟠 Частичное совпадение,4,0,0
580,АлАт_1,лАт,алт,85.71,🟠 Частичное совпадение,3,0,0
581,АлАт_2,АлА,алт,85.71,🟠 Частичное совпадение,3,0,0
582,АлАт_3,АлАТ,алт,100.00,✔️ Полное совпадение,4,0,0
583,АлАт_4,ААт,аст,85.71,❌ Неверное совпадение,3,0,0
584,АлАт_6,АЛАт,алт,100.00,✔️ Полное совпадение,4,0,0
585,АЛТ_1,АЛт,алт,100.00,✔️ Полное совпадение,3,0,0
586,ALT_0,aLT,алт,100.00,✔️ Полное совпадение,0,3,0
587,ALT_2,AlT,алт,100.00,✔️ Полное совпадение,0,3,0
588,Аланинаминотрансфераза_0,Аланинаминтрансфераза,алт,97.67,🟠 Частичное совпадение,21,0,0
589,Аланинаминотрансфераза_1,Аланинами нотрансфераза,алт,97.78,🟠 Частичное совпадение,22,0,0
590,Аланинаминотрансфераза_2,АлАнинаминотансфераза,алт,97.67,🟠 Частичное совпадение,21,0,0
591,Аланинаминотрансфераза_3,Аланинаминотрансфераз,алт,97.67,🟠 Частичное совпадение,21,0,0
592,Аланинаминотрансфераза_4,ланинаминотрансфераза,алт,97.67,🟠 Частичное совпадение,21,0,0
593,Аланинаминотрансфераза_5,АланинаминотранСфераза,алт,100.00,✔️ Полное совпадение,22,0,0
594,Аланинаминотрансфераза_7,АланинаминотрансфеРаза,алт,100.00,✔️ Полное совпадение,22,0,0
595,Аланин-аминотрансфераза_0,Аланин-аминотрансфера за,алт,97.87,🟠 Частичное совпадение,22,0,0
596,Аланин-аминотрансфераза_1,Аланин-аминотраНсфераза,алт,100.00,✔️ Полное совпадение,22,0,0
597,Аланин-аминотрансфераза_2,Аланин-ами нотрансфераза,алт,97.87,🟠 Частичное совпадение,22,0,0
598,Аланин-аминотрансфераза_3,Аанин-аминотрансфераза,алт,97.78,🟠 Частичное совпадение,21,0,0
599,Аланин-аминотрансфераза_4,Аланин-аминотрансфераз,алт,97.78,🟠 Частичное совпадение,21,0,0
600,Аланин-аминотрансфераза_5,Аланин-аминотрансфраза,алт,97.78,🟠 Частичное совпадение,21,0,0
601,Аланин-аминотрансфераза_7,Аланин -аминотрансфераза,алт,97.87,🟠 Частичное совпадение,22,0,0
602,Alanine Aminotransferase_0,Alanine Aminоtransferas,алт,97.87,🟠 Частичное совпадение,1,21,0
603,Alanine Aminotransferase_1,lanine Aminotransferase,алт,97.87,🟠 Частичное совпадение,0,22,0
604,Alanine Aminotransferase_3,Alanin e Aminotransferase,алт,97.96,🟠 Частичное совпадение,0,23,0
605,Alanine Aminotransferase_4,Alanine Aminotransferas,алт,97.87,🟠 Частичное совпадение,0,22,0
606,Alanine Aminotransferase_5,lanine Aminotranserase,алт,95.65,🟠 Частичное совпадение,0,21,0
607,Alanine Aminotransferase_6,Alnine Aminotransferase,алт,97.87,🟠 Частичное совпадение,0,22,0
608,Alanine Aminotransferase_7,anine Aminotransferase,алт,95.65,🟠 Частичное совпадение,0,21,0
609,Щелочная фосфатаза_1,фосфатаза Щелочная,щелочная фосфатаза,100.00,✔️ Полное совпадение,17,0,0
610,Щелочная фосфатаза_2,Щелочная  фосфатаза,щелочная фосфатаза,97.30,🟠 Частичное совпадение,17,0,0
611,Щелочная фосфатаза_3,Щелоч на фосфатаза,щелочная фосфатаза,94.44,🟠 Частичное совпадение,16,0,0
612,Щелочная фосфатаза_4,Щелочна фосфатаза,щелочная фосфатаза,97.14,🟠 Частичное совпадение,16,0,0
613,Щелочная фосфатаза_5,Щлочная фосфатаз,щелочная фосфатаза,94.12,🟠 Частичное совпадение,15,0,0
614,Щелочная фосфатаза_6,елочная фосфатаза,щелочная фосфатаза,97.14,🟠 Частичное совпадение,16,0,0
615,Щелочная фосфатаза_7,лочная фосфатаза,щелочная фосфатаза,94.12,🟠 Частичное совпадение,15,0,0
616,ALP_1,ALp,щелочная фосфатаза,100.00,✔️ Полное совпадение,0,3,0
617,ALP_2,AlP,щелочная фосфатаза,100.00,✔️ Полное совпадение,0,3,0
618,Alkaline Phosphatase_0,Alkaline Ph osphatase,щелочная фосфатаза,97.56,🟠 Частичное совпадение,0,19,0
619,Alkaline Phosphatase_1,Alkaline PhosphatasE,щелочная фосфатаза,100.00,✔️ Полное совпадение,0,19,0
620,Alkaline Phosphatase_2,lkaline Phosphatase,щелочная фосфатаза,97.44,🟠 Частичное совпадение,0,18,0
621,Alkaline Phosphatase_3,kaline Phosphatase,щелочная фосфатаза,94.74,🟠 Частичное совпадение,0,17,0
622,Alkaline Phosphatase_4,Alkaline Phosphatas,щелочная фосфатаза,97.44,🟠 Частичное совпадение,0,18,0
623,Alkaline Phosphatase_5,AlkalinePhosphatase,щелочная фосфатаза,97.44,🟠 Частичное совпадение,0,19,0
624,Alkaline Phosphatase_7,PHosphatase Alkaline,щелочная фосфатаза,100.00,✔️ Полное совпадение,0,19,0
625,Липаза_0,Липазa,липаза,100.00,✔️ Полное совпадение,5,1,0
626,Липаза_1,Липаз,липаза,90.91,🟠 Частичное совпадение,5,0,0
627,Липаза_2,Липaза,липаза,100.00,✔️ Полное совпадение,5,1,0
628,Липаза_3,Липа за,липаза,92.31,🟠 Частичное совпадение,6,0,0
629,Липаза_4,Лиаза,липаза,90.91,🟠 Частичное совпадение,5,0,0
630,Липаза_5,Липза,липаза,90.91,🟠 Частичное совпадение,5,0,0
631,Липаза_6,липаза,липаза,100.00,✔️ Полное совпадение,6,0,0
632,Lipase_0,Lipasе,липаза,100.00,✔️ Полное совпадение,1,5,0
633,Lipase_1,Liрase,липаза,100.00,✔️ Полное совпадение,1,5,0
634,Lipase_2,lipase,липаза,100.00,✔️ Полное совпадение,0,6,0
635,Lipase_3,Lipae,липаза,90.91,🟠 Частичное совпадение,0,5,0
636,Lipase_4,Li pase,липаза,92.31,🟠 Частичное совпадение,0,6,0
637,Lipase_5,Lipa se,липаза,92.31,🟠 Частичное совпадение,0,6,0
638,Lipase_7,ipase,липаза,90.91,🟠 Частичное совпадение,0,5,0
639,LPS_0,LPs,липаза,100.00,✔️ Полное совпадение,0,3,0
640,LPS_1,LpS,липаза,100.00,✔️ Полное совпадение,0,3,0
641,Амилаза_0,Амилаз,амилаза,92.31,🟠 Частичное совпадение,6,0,0
642,Амилаза_2,Амилазa,амилаза,100.00,✔️ Полное совпадение,6,1,0
643,Амилаза_3,Амлаза,амилаза,92.31,🟠 Частичное совпадение,6,0,0
644,Амилаза_4,Амила,амилаза,83.33,🟠 Частичное совпадение,5,0,0
645,Амилаза_5,Амила за,амилаза,93.33,🟠 Частичное совпадение,7,0,0
646,Амилаза_6,АмИлаза,амилаза,100.00,✔️ Полное совпадение,7,0,0
647,Амилаза_7,амилаза,амилаза,100.00,✔️ Полное совпадение,7,0,0
648,Альфа-амилаза_0,Альфа-ами лаза,амилаза,96.30,🟠 Частичное совпадение,12,0,0
649,Альфа-амилаза_1,Альфа -амилаза,амилаза,96.30,🟠 Частичное совпадение,12,0,0
650,Альфа-амилаза_2,льфа-амилаза,амилаза,96.00,🟠 Частичное совпадение,11,0,0
651,Альфа-амилаза_4,Альфа-амилаЗ,амилаза,96.00,🟠 Частичное совпадение,11,0,0
652,Альфа-амилаза_5,Альфа-ам илаза,амилаза,96.30,🟠 Частичное совпадение,12,0,0
653,Альфа-амилаза_6,АЛьфа-амилаза,амилаза,100.00,✔️ Полное совпадение,12,0,0
654,Альфа-амилаза_7,Альфа-аилаза,амилаза,96.00,🟠 Частичное совпадение,11,0,0
655,Amylase_1,mylase,амилаза,92.31,🟠 Частичное совпадение,0,6,0
656,Amylase_2,AmylаsE,амилаза,100.00,✔️ Полное совпадение,1,6,0
657,Amylase_3,Amylse,амилаза,92.31,🟠 Частичное совпадение,0,6,0
658,Amylase_4,AmylAse,амилаза,100.00,✔️ Полное совпадение,0,7,0
659,Amylase_5,Amy lase,амилаза,93.33,🟠 Частичное совпадение,0,7,0
660,Amylase_6,ylase,амилаза,83.33,🟠 Частичное совпадение,0,5,0
661,Amylase_7,AmylasE,амилаза,100.00,✔️ Полное совпадение,0,7,0
662,AMY_0,AMy,амилаза,100.00,✔️ Полное совпадение,0,3,0
663,AMY_1,AmY,амилаза,100.00,✔️ Полное совпадение,0,3,0
664,Гамма-ГТП_0,мма-ГТП,гамма-гт,87.50,🟠 Частичное совпадение,6,0,0
665,Гамма-ГТП_2,Гамма-Г,гамма-гт,93.33,🟠 Частичное совпадение,6,0,0
666,Гамма-ГТП_3,Гамма-ГТ,гамма-гт,100.00,✔️ Полное совпадение,7,0,0
667,Гамма-ГТП_4,Гамма- ГТП,гамма-гт,94.74,🟠 Частичное совпадение,8,0,0
668,Гамма-ГТП_5,ГАмма-ГТП,гамма-гт,100.00,✔️ Полное совпадение,8,0,0
669,Гамма-ГТП_6,Га мма-ГТП,гамма-гт,94.74,🟠 Частичное совпадение,8,0,0
670,Гамма-ГТП_7,ГаммаГТП,гамма-гт,94.12,🟠 Частичное совпадение,8,0,0
671,Гамма-глутамилтранспептидаза_0,Гаммаглутамилтранспептидаза,гамма-гт,98.18,🟠 Частичное совпадение,27,0,0
672,Гамма-глутамилтранспептидаза_1,Гамма-глутаилтранспептидаза,гамма-гт,98.18,🟠 Частичное совпадение,26,0,0
673,Гамма-глутамилтранспептидаза_2,Гамма-глутамилтранспептида,гамма-гт,96.30,🟠 Частичное совпадение,25,0,0
674,Гамма-глутамилтранспептидаза_4,Гамма-глутамилтранс пептидаза,гамма-гт,98.25,🟠 Частичное совпадение,27,0,0
675,Гамма-глутамилтранспептидаза_5,Гамма-глута милтрaнспептидаза,гамма-гт,98.25,🟠 Частичное совпадение,26,1,0
676,Гамма-глутамилтранспептидаза_6,Гамма-глутаМилтранспептидаза,гамма-гт,100.00,✔️ Полное совпадение,27,0,0
677,Гамма-глутамилтранспептидаза_7,мма-глутамилтанспептидаза,гамма-гт,94.34,🟠 Частичное совпадение,24,0,0
678,Гамма-глютаминтранспептидаза_0,Гамма-глютаминтрнспептидаза,гамма-гт,98.18,🟠 Частичное совпадение,26,0,0
679,Гамма-глютаминтранспептидаза_1,Гамма-глютаминтранспептидaза,гамма-гт,100.00,✔️ Полное совпадение,26,1,0
680,Гамма-глютаминтранспептидаза_2,Гамма-глютминтранспептидаза,гамма-гт,98.18,🟠 Частичное совпадение,26,0,0
681,Гамма-глютаминтранспептидаза_3,мма-глютаминтранспептидаза,гамма-гт,96.30,🟠 Частичное совпадение,25,0,0
682,Гамма-глютаминтранспептидаза_4,Гаммалютаминтранспептидаза,гамма-гт,96.30,🟠 Частичное совпадение,26,0,0
683,Гамма-глютаминтранспептидаза_5,ГаммА-глютаминтранспептидаза,гамма-гт,100.00,✔️ Полное совпадение,27,0,0
684,Гамма-глютаминтранспептидаза_7,Гамма-глютаминтранспеп тидаза,гамма-гт,98.25,🟠 Частичное совпадение,27,0,0
685,Глютаминтранспептидаза_0,Глютаминтра нспептидаза,гамма-гт,97.78,🟠 Частичное совпадение,22,0,0
686,Глютаминтранспептидаза_1,Глютамин транспептидаз,гамма-гт,95.45,🟠 Частичное совпадение,21,0,0
687,Глютаминтранспептидаза_2,ГлютаминтранспептидАза,гамма-гт,100.00,✔️ Полное совпадение,22,0,0
688,Глютаминтранспептидаза_4,Глютаминтранспептидаз,гамма-гт,97.67,🟠 Частичное совпадение,21,0,0
689,Глютаминтранспептидаза_5,ГлютаминтРанспептидаза,гамма-гт,100.00,✔️ Полное совпадение,22,0,0
690,Глютаминтранспептидаза_6,Глютаминтранспепт идаза,гамма-гт,97.78,🟠 Частичное совпадение,22,0,0
691,Глютаминтранспептидаза_7,ГлютамИнтранспептидаза,гамма-гт,100.00,✔️ Полное совпадение,22,0,0
692,ГГТ_0,ГГт,гамма-гт,100.00,✔️ Полное совпадение,3,0,0
693,ГГТ_1,ГгТ,гамма-гт,100.00,✔️ Полное совпадение,3,0,0
694,ГГТ_2,гГТ,гамма-гт,100.00,✔️ Полное совпадение,3,0,0
695,Гамма-ГТ_0,гамма-ГТ,гамма-гт,100.00,✔️ Полное совпадение,7,0,0
696,Гамма-ГТ_1,ммаГТ,гамма-гт,76.92,🟠 Частичное совпадение,5,0,0
697,Гамма-ГТ_3,Гаммa-ГТ,гамма-гт,100.00,✔️ Полное совпадение,6,1,0
698,Гамма-ГТ_4,ГамМа-ГТ,гамма-гт,100.00,✔️ Полное совпадение,7,0,0
699,Гамма-ГТ_5,Гмма-ГТ,гамма-гт,93.33,🟠 Частичное совпадение,6,0,0
700,Гамма-ГТ_6,амм-ГТ,гамма-гт,85.71,🟠 Частичное совпадение,5,0,0
701,Гамма-ГТ_7,амма-ГТ,гамма-гт,93.33,🟠 Частичное совпадение,6,0,0
702,GGT_0,gGT,гамма-гт,100.00,✔️ Полное совпадение,0,3,0
703,GGT_1,GGt,гамма-гт,100.00,✔️ Полное совпадение,0,3,0
704,Gamma-Glutamyl Transferase_0,Gamma-Glutamyl TransfeRase,гамма-гт,100.00,✔️ Полное совпадение,0,24,0
705,Gamma-Glutamyl Transferase_1,Gamma-Glutamyl Transfеras,гамма-гт,98.04,🟠 Частичное совпадение,1,22,0
706,Gamma-Glutamyl Transferase_2,Gamma Glutamyl Transferase,гамма-гт,96.15,🟠 Частичное совпадение,0,24,0
707,Gamma-Glutamyl Transferase_3,Gmma-Glutamyl Transferase,гамма-гт,98.04,🟠 Частичное совпадение,0,23,0
708,Gamma-Glutamyl Transferase_4,Gamma-Gluta myl Transferase,гамма-гт,98.11,🟠 Частичное совпадение,0,24,0
709,Gamma-Glutamyl Transferase_6,Gamma-Glutamyl Transfеrase,гамма-гт,100.00,✔️ Полное совпадение,1,23,0
710,Gamma-Glutamyl Transferase_7,Gamma-Glutamyl  Transferase,гамма-гт,98.11,🟠 Частичное совпадение,0,24,0
711,Лактатдегидрогеназа_0,ктатдегидрогеназа,лдг,94.44,🟠 Частичное совпадение,17,0,0
712,Лактатдегидрогеназа_1,актатдегидрогеназа,лдг,97.30,🟠 Частичное совпадение,18,0,0
713,Лактатдегидрогеназа_2,Лактатдегидрогеназ,лдг,97.30,🟠 Частичное совпадение,18,0,0
714,Лактатдегидрогеназа_3,Лак татдегидрогеназа,лдг,97.44,🟠 Частичное совпадение,19,0,0
715,Лактатдегидрогеназа_4,Лактатдегидроген,лдг,91.43,🟠 Частичное совпадение,16,0,0
716,Лактатдегидрогеназа_5,Лктатдегидрогеназа,лдг,97.30,🟠 Частичное совпадение,18,0,0
717,Лактатдегидрогеназа_6,Ла ктАтдегидрогеназа,лдг,97.44,🟠 Частичное совпадение,19,0,0
718,Лактат дегидрогеназа_0,Лактaт дегидрогеназа,лдг,100.00,✔️ Полное совпадение,18,1,0
719,Лактат дегидрогеназа_1,Лактат дегидрогенaза,лдг,100.00,✔️ Полное совпадение,18,1,0
720,Лактат дегидрогеназа_2,Лактат деидрогеназа,лдг,97.44,🟠 Частичное совпадение,18,0,0
721,Лактат дегидрогеназа_3,Лакт ат дегидрогеназа,лдг,97.56,🟠 Частичное совпадение,19,0,0
722,Лактат дегидрогеназа_4,ЛакТатдегидрогеназа,лдг,100.00,✔️ Полное совпадение,19,0,0
723,Лактат дегидрогеназа_6,Лактатдегидрогеназа,лдг,100.00,✔️ Полное совпадение,19,0,0
724,Лактат дегидрогеназа_7,Лактат дегидрогена,лдг,94.74,🟠 Частичное совпадение,17,0,0
725,ЛДГ_1,ЛдГ,лдг,100.00,✔️ Полное совпадение,3,0,0
726,ЛДГ_2,лДГ,лдг,100.00,✔️ Полное совпадение,3,0,0
727,ЛДГ-1 фракция_0,ЛДГ-1 фраkция,лдг,100.00,✔️ Полное совпадение,9,1,1
728,ЛДГ-1 фракция_1,ЛДг-1 фpакция,лдг,100.00,✔️ Полное совпадение,9,1,1
729,ЛДГ-1 фракция_2,Л ДГ-1 фракция,лдг,96.30,🟠 Частичное совпадение,10,0,1
730,ЛДГ-1 фракция_3,ЛДГ- 1 фракция,лдг,96.30,🟠 Частичное совпадение,10,0,1
731,ЛДГ-1 фракция_5,ЛДГ-1 фракци,лдг,96.00,🟠 Частичное совпадение,9,0,1
732,ЛДГ-1 фракция_6,ЛДГ-1  фракци,лдг,92.31,🟠 Частичное совпадение,9,0,1
733,ЛДГ-1 фракция_7,ЛДГ-1 фракц,лдг,91.67,🟠 Частичное совпадение,8,0,1
734,aHBDH_0,aH BDH,лдг,90.91,🟠 Частичное совпадение,0,5,0
735,aHBDH_1,aH8DH,лдг,100.00,✔️ Полное совпадение,0,4,1
736,aHBDH_2,aHBH,лдг,88.89,🟠 Частичное совпадение,0,4,0
737,aHBDH_3,ahBDH,лдг,100.00,✔️ Полное совпадение,0,5,0
738,aHBDH_4,aBDH,лдг,88.89,🟠 Частичное совпадение,0,4,0
739,aHBDH_6,HBDH,лдг,88.89,🟠 Частичное совпадение,0,4,0
740,aHBDH_7,аHBDH,лдг,100.00,✔️ Полное совпадение,1,4,0
741,Lactate Dehydrogenase_1,Lactate Deh ydrogenase,лдг,97.67,🟠 Частичное совпадение,0,20,0
742,Lactate Dehydrogenase_2,Lactate D ehydrogenase,лдг,97.67,🟠 Частичное совпадение,0,20,0
743,Lactate Dehydrogenase_3,actate Deh ydrogenase,лдг,95.24,🟠 Частичное совпадение,0,19,0
744,Lactate Dehydrogenase_4,Lactate Dehydrogenas,лдг,97.56,🟠 Частичное совпадение,0,19,0
745,Lactate Dehydrogenase_5,tate Dehydrogenase,лдг,92.31,🟠 Частичное совпадение,0,17,0
746,Lactate Dehydrogenase_6,Lacta te Dehdrogenase,лдг,95.24,🟠 Частичное совпадение,0,19,0
747,Lactate Dehydrogenase_7,Lactat Dehydrogenase,лдг,97.56,🟠 Частичное совпадение,0,19,0
748,Креатинфосфокиназа_0,КреатинфОсфокиназа,креатинкиназа,100.00,✔️ Полное совпадение,18,0,0
749,Креатинфосфокиназа_1,реатинфосфокиназа,креатинкиназа,97.14,🟠 Частичное совпадение,17,0,0
750,Креатинфосфокиназа_2,Креатин фoсфокиназа,креатинкиназа,97.30,🟠 Частичное совпадение,17,1,0
751,Креатинфосфокиназа_3,Креатинфосфок иназа,креатинкиназа,97.30,🟠 Частичное совпадение,18,0,0
752,Креатинфосфокиназа_4,КРеатинфосфокиназа,креатинкиназа,100.00,✔️ Полное совпадение,18,0,0
753,Креатинфосфокиназа_6,Крeатинфосфокиназа,креатинкиназа,100.00,✔️ Полное совпадение,17,1,0
754,Креатинфосфокиназа_7,Креатинфофокиназа,креатинкиназа,97.14,🟠 Частичное совпадение,17,0,0
755,Креатинкиназа_0,КреАтинкиназа,креатинкиназа,100.00,✔️ Полное совпадение,13,0,0
756,Креатинкиназа_1,Креaтинкиназа,креатинкиназа,100.00,✔️ Полное совпадение,12,1,0
757,Креатинкиназа_2,креатинкиназа,креатинкиназа,100.00,✔️ Полное совпадение,13,0,0
758,Креатинкиназа_3,еатинкиназа,креатинкиназа,91.67,🟠 Частичное совпадение,11,0,0
759,Креатинкиназа_4,КреатинКиназа,креатинкиназа,100.00,✔️ Полное совпадение,13,0,0
760,Креатинкиназа_5,К реатинкиназа,креатинкиназа,96.30,🟠 Частичное совпадение,13,0,0
761,Креатинкиназа_7,Креатинкиназ,креатинкиназа,96.00,🟠 Частичное совпадение,12,0,0
762,КФК_1,КФк,креатинкиназа,100.00,✔️ Полное совпадение,3,0,0
763,Креатинкиназа-МБ_0,реат инкиназа-МБ,креатинкиназа,93.75,🟠 Частичное совпадение,14,0,0
764,Креатинкиназа-МБ_1,Креатинкиназа -Мб,креатинкиназа,96.97,🟠 Частичное совпадение,15,0,0
765,Креатинкиназа-МБ_2,К реатинкинАза-МБ,креатинкиназа,96.97,🟠 Частичное совпадение,15,0,0
766,Креатинкиназа-МБ_3,Креатинкин аза-МБ,креатинкиназа,96.97,🟠 Частичное совпадение,15,0,0
767,Креатинкиназа-МБ_4,Креатинкиназa-МБ,креатинкиназа,100.00,✔️ Полное совпадение,14,1,0
768,Креатинкиназа-МБ_5,Креати нкиназа-МБ,креатинкиназа,96.97,🟠 Частичное совпадение,15,0,0
769,Креатинкиназа-МБ_7,КреАтинкиназа -МБ,креатинкиназа,96.97,🟠 Частичное совпадение,15,0,0
770,CK_1,cK,креатинкиназа,100.00,✔️ Полное совпадение,0,2,0
771,Creatine Kinase_0,CreatiNe Kinase,креатинкиназа,100.00,✔️ Полное совпадение,0,14,0
772,Creatine Kinase_1,Creatinе Kinase,креатинкиназа,100.00,✔️ Полное совпадение,1,13,0
773,Creatine Kinase_3,Cratine Kinase,креатинкиназа,96.55,🟠 Частичное совпадение,0,13,0
774,Creatine Kinase_4,CreatiNe KinasE,креатинкиназа,100.00,✔️ Полное совпадение,0,14,0
775,Creatine Kinase_5,eatinE Kinase,креатинкиназа,92.86,🟠 Частичное совпадение,0,12,0
776,Creatine Kinase_6,Cr eatine Kinase,креатинкиназа,96.77,🟠 Частичное совпадение,0,14,0
777,Creatine Kinase_7,Creatine  Kinase,креатинкиназа,96.77,🟠 Частичное совпадение,0,14,0
778,CK-MB_0,cK-MB,креатинкиназа,100.00,✔️ Полное совпадение,0,4,0
779,CK-MB_1,C K-MB,креатинкиназа,90.91,🟠 Частичное совпадение,0,4,0
780,CK-MB_3,CK-mB,креатинкиназа,100.00,✔️ Полное совпадение,0,4,0
781,CK-MB_4,CK-M,креатинкиназа,88.89,🟠 Частичное совпадение,0,3,0
782,CK-MB_5,C-MB,креатинкиназа,88.89,🟠 Частичное совпадение,0,3,0
783,CK-MB_6,K-MB,креатинкиназа,88.89,🟠 Частичное совпадение,0,3,0
784,CK-MB_7,CKMB,креатинкиназа,88.89,🟠 Частичное совпадение,0,4,0
785,Кальций_0,Кал ьц,кальций,76.92,🟠 Частичное совпадение,5,0,0
786,Кальций_1,Кальци,кальций,92.31,🟠 Частичное совпадение,6,0,0
787,Кальций_2,Кaльций,кальций,100.00,✔️ Полное совпадение,6,1,0
788,Кальций_3,Кльций,кальций,92.31,🟠 Частичное совпадение,6,0,0
789,Кальций_4,альций,кальций,92.31,🟠 Частичное совпадение,6,0,0
790,Кальций_5,К альций,кальций,93.33,🟠 Частичное совпадение,7,0,0
791,Кальций_6,альц,кальций,72.73,🟠 Частичное совпадение,4,0,0
792,Кальций общий_1,альций общий,кальций,96.00,🟠 Частичное совпадение,11,0,0
793,Кальций общий_2,КaЛьций общий,кальций,100.00,✔️ Полное совпадение,11,1,0
794,Кальций общий_3,Кальций Общий,кальций,100.00,✔️ Полное совпадение,12,0,0
795,Кальций общий_4,альций общ,кальций,86.96,🟠 Частичное совпадение,9,0,0
796,Кальций общий_5,льций общий,кальций,91.67,🟠 Частичное совпадение,10,0,0
797,Кальций общий_6,КальциЙ общий,кальций,100.00,✔️ Полное совпадение,12,0,0
798,Кальций общий_7,Кальций общ,кальций,91.67,🟠 Частичное совпадение,10,0,0
799,Кальций ионизированный_1,Кальций  ионизИрованный,кальций,97.78,🟠 Частичное совпадение,21,0,0
800,Кальций ионизированный_2,Кальций ионизированн,кальций,95.24,🟠 Частичное совпадение,19,0,0
801,Кальций ионизированный_3,льций ионизированный,кальций,95.24,🟠 Частичное совпадение,19,0,0
802,Кальций ионизированный_4,КальциЙ ионизированный,кальций,100.00,✔️ Полное совпадение,21,0,0
803,Кальций ионизированный_5,Кальций ионизировaнный,кальций,100.00,✔️ Полное совпадение,20,1,0
804,Кальций ионизированный_6,Кальций ионизирОванный,кальций,100.00,✔️ Полное совпадение,21,0,0
805,Кальций ионизированный_7,альций ионизированный,кальций,97.67,🟠 Частичное совпадение,20,0,0
806,Calcium_0,Calciu,кальций,92.31,🟠 Частичное совпадение,0,6,0
807,Calcium_1,alc ium,кальций,85.71,🟠 Частичное совпадение,0,6,0
808,Calcium_2,CalciUm,кальций,100.00,✔️ Полное совпадение,0,7,0
809,Calcium_3,C alciu,кальций,85.71,🟠 Частичное совпадение,0,6,0
810,Calcium_5,alcium,кальций,92.31,🟠 Частичное совпадение,0,6,0
811,Calcium_6,Calcim,кальций,92.31,🟠 Частичное совпадение,0,6,0
812,Calcium_7,C alci,кальций,76.92,🟠 Частичное совпадение,0,5,0
813,Ca_0,CA,кальций,100.00,✔️ Полное совпадение,0,2,0
814,Ca_2,Cа,-,0.00,❌ Неверное совпадение,1,1,0
815,Калий_0,Каий,калий,88.89,🟠 Частичное совпадение,4,0,0
816,Калий_1,Кали,калий,88.89,🟠 Частичное совпадение,4,0,0
817,Калий_2,КалиЙ,калий,100.00,✔️ Полное совпадение,5,0,0
818,Калий_3,алий,калий,88.89,🟠 Частичное совпадение,4,0,0
819,Калий_4,КалИй,калий,100.00,✔️ Полное совпадение,5,0,0
820,Калий_6,КаЛий,калий,100.00,✔️ Полное совпадение,5,0,0
821,Калий_7,Кaлий,калий,100.00,✔️ Полное совпадение,4,1,0
822,Potassium_0,PotassiuM,калий,100.00,✔️ Полное совпадение,0,9,0
823,Potassium_1,Potass iu,калий,88.89,🟠 Частичное совпадение,0,8,0
824,Potassium_2,Ptassium,калий,94.12,🟠 Частичное совпадение,0,8,0
825,Potassium_3,Potas sium,калий,94.74,🟠 Частичное совпадение,0,9,0
826,Potassium_4,PotasSium,калий,100.00,✔️ Полное совпадение,0,9,0
827,Potassium_5,Potassi,калий,87.50,🟠 Частичное совпадение,0,7,0
828,Potassium_7,Poassium,калий,94.12,🟠 Частичное совпадение,0,8,0
829,K_0,k,калий,100.00,✔️ Полное совпадение,0,1,0
830,Натрий_0,Нарий,натрий,90.91,🟠 Частичное совпадение,5,0,0
831,Натрий_1,НатРий,натрий,100.00,✔️ Полное совпадение,6,0,0
832,Натрий_2,Натри,натрий,90.91,🟠 Частичное совпадение,5,0,0
833,Натрий_3,НАтрий,натрий,100.00,✔️ Полное совпадение,6,0,0
834,Натрий_4,Н атрий,натрий,92.31,🟠 Частичное совпадение,6,0,0
835,Натрий_5,натрий,натрий,100.00,✔️ Полное совпадение,6,0,0
836,Sodium_1,So dium,натрий,92.31,🟠 Частичное совпадение,0,6,0
837,Sodium_2,sodium,натрий,100.00,✔️ Полное совпадение,0,6,0
838,Sodium_3,Sod ium,натрий,92.31,🟠 Частичное совпадение,0,6,0
839,Sodium_4,Sоdium,натрий,100.00,✔️ Полное совпадение,1,5,0
840,Sodium_5,odium,натрий,90.91,🟠 Частичное совпадение,0,5,0
841,Sodium_6,SodiuM,натрий,100.00,✔️ Полное совпадение,0,6,0
842,Na_0,Nа,-,0.00,❌ Неверное совпадение,1,1,0
843,Na_2,NA,натрий,100.00,✔️ Полное совпадение,0,2,0
844,Хлор_0,Хлoр,хлор,100.00,✔️ Полное совпадение,3,1,0
845,Хлор_1,Х лор,хлор,88.89,🟠 Частичное совпадение,4,0,0
846,Хлор_2,ХлОр,хлор,100.00,✔️ Полное совпадение,4,0,0
847,Хлор_3,лор,хлор,85.71,🟠 Частичное совпадение,3,0,0
848,Хлор_5,Хлоp,хлор,100.00,✔️ Полное совпадение,3,1,0
849,Хлор_6,Хло,хлор,85.71,🟠 Частичное совпадение,3,0,0
850,Хлориды_0,Хло риды,хлор,93.33,🟠 Частичное совпадение,7,0,0
851,Хлориды_1,Хл ориды,хлор,93.33,🟠 Частичное совпадение,7,0,0
852,Хлориды_2,Хлорид,хлор,92.31,🟠 Частичное совпадение,6,0,0
853,Хлориды_4,Хлорды,хлор,92.31,🟠 Частичное совпадение,6,0,0
854,Хлориды_5,ХлорИды,хлор,100.00,✔️ Полное совпадение,7,0,0
855,Хлориды_6,Хлоpиды,хлор,100.00,✔️ Полное совпадение,6,1,0
856,Хлориды_7,Хлор иды,хлор,93.33,🟠 Частичное совпадение,7,0,0
857,Chloride_0,hlorie,хлор,85.71,🟠 Частичное совпадение,0,6,0
858,Chloride_2,Chlor ide,хлор,94.12,🟠 Частичное совпадение,0,8,0
859,Chloride_3,Cloride,хлор,93.33,🟠 Частичное совпадение,0,7,0
860,Chloride_4,C hloride,хлор,94.12,🟠 Частичное совпадение,0,8,0
861,Chloride_5,ChloriDe,хлор,100.00,✔️ Полное совпадение,0,8,0
862,Chloride_6,Chlorie,хлор,93.33,🟠 Частичное совпадение,0,7,0
863,Chloride_7,hloride,хлор,93.33,🟠 Частичное совпадение,0,7,0
864,Cl_0,cl,хлор,100.00,✔️ Полное совпадение,0,2,0
865,Cl_1,CL,хлор,100.00,✔️ Полное совпадение,0,2,0
866,Железо_0,Жeлезо,железо,100.00,✔️ Полное совпадение,5,1,0
867,Железо_1,Жеезо,железо,90.91,🟠 Частичное совпадение,5,0,0
868,Железо_2,ЖеЛезо,железо,100.00,✔️ Полное совпадение,6,0,0
869,Железо_3,Желез,железо,90.91,🟠 Частичное совпадение,5,0,0
870,Железо_4,Жел езо,железо,92.31,🟠 Частичное совпадение,6,0,0
871,Железо_5,ЖелезО,железо,100.00,✔️ Полное совпадение,6,0,0
872,Железо_7,Жлезо,железо,90.91,🟠 Частичное совпадение,5,0,0
873,Сывороточное железо_0,Сывороточное желзо,железо,97.30,🟠 Частичное совпадение,17,0,0
874,Сывороточное железо_1,Сыворoточное железо,железо,100.00,✔️ Полное совпадение,17,1,0
875,Сывороточное железо_2,Сывороточ ное елезо,железо,94.74,🟠 Частичное совпадение,17,0,0
876,Сывороточное железо_3,ывороточное железо,железо,97.30,🟠 Частичное совпадение,17,0,0
877,Сывороточное железо_4,Свороточное желез,железо,94.44,🟠 Частичное совпадение,16,0,0
878,Сывороточное железо_5,ороточное железо,железо,91.43,🟠 Частичное совпадение,15,0,0
879,Сывороточное железо_6,Сыворотоное железо,железо,97.30,🟠 Частичное совпадение,17,0,0
880,Iron_1,Iro,железо,85.71,🟠 Частичное совпадение,0,3,0
881,Iron_2,Ion,железо,85.71,🟠 Частичное совпадение,0,3,0
882,Iron_3,IroN,железо,100.00,✔️ Полное совпадение,0,4,0
883,Iron_4,IRon,железо,100.00,✔️ Полное совпадение,0,4,0
884,Iron_5,I ron,железо,88.89,🟠 Частичное совпадение,0,4,0
885,Iron_6,Ir on,железо,88.89,🟠 Частичное совпадение,0,4,0
886,Iron_7,iron,железо,100.00,✔️ Полное совпадение,0,4,0
887,Fe_0,fe,железо,100.00,✔️ Полное совпадение,0,2,0
888,Fe_1,Fе,-,0.00,❌ Неверное совпадение,1,1,0
889,Ферритин_0,Феритин,ферритин,93.33,🟠 Частичное совпадение,7,0,0
890,Ферритин_1,Фе рритин,ферритин,94.12,🟠 Частичное совпадение,8,0,0
891,Ферритин_2,ФеРритин,ферритин,100.00,✔️ Полное совпадение,8,0,0
892,Ферритин_4,Ферри тин,ферритин,94.12,🟠 Частичное совпадение,8,0,0
893,Ферритин_5,Фер риин,ферритин,87.50,🟠 Частичное совпадение,7,0,0
894,Ферритин_6,Фер ритин,ферритин,94.12,🟠 Частичное совпадение,8,0,0
895,Ферритин_7,ритин,ферритин,76.92,🟠 Частичное совпадение,5,0,0
896,Ferritin_0,rritin,ферритин,85.71,🟠 Частичное совпадение,0,6,0
897,Ferritin_2,errit in,ферритин,87.50,🟠 Частичное совпадение,0,7,0
898,Ferritin_3,Ferriin,ферритин,93.33,🟠 Частичное совпадение,0,7,0
899,Ferritin_4,ferritin,ферритин,100.00,✔️ Полное совпадение,0,8,0
900,Ferritin_5,Ferrtin,ферритин,93.33,🟠 Частичное совпадение,0,7,0
901,Ferritin_6,FerrItin,ферритин,100.00,✔️ Полное совпадение,0,8,0
902,Ferritin_7,erritin,ферритин,93.33,🟠 Частичное совпадение,0,7,0
903,Трансферрин_0,Тpансферрин,трансферрин,100.00,✔️ Полное совпадение,10,1,0
904,Трансферрин_1,Трансферри,трансферрин,95.24,🟠 Частичное совпадение,10,0,0
905,Трансферрин_2,Тра нсферрн,трансферрин,90.91,🟠 Частичное совпадение,10,0,0
906,Трансферрин_4,Тра нсферрин,трансферрин,95.65,🟠 Частичное совпадение,11,0,0
907,Трансферрин_5,ТрансфЕрри,трансферрин,95.24,🟠 Частичное совпадение,10,0,0
908,Трансферрин_6,ансферрин,трансферрин,90.00,🟠 Частичное совпадение,9,0,0
909,Трансферрин_7,Трaнсферрин,трансферрин,100.00,✔️ Полное совпадение,10,1,0
910,Transferrin_0,Transferin,трансферрин,95.24,🟠 Частичное совпадение,0,10,0
911,Transferrin_1,Transferr,трансферрин,90.00,🟠 Частичное совпадение,0,9,0
912,Transferrin_3,Transfe rrin,трансферрин,95.65,🟠 Частичное совпадение,0,11,0
913,Transferrin_4,Trasferrin,трансферрин,95.24,🟠 Частичное совпадение,0,10,0
914,Transferrin_5,Tranferri,трансферрин,90.00,🟠 Частичное совпадение,0,9,0
915,Transferrin_6,Transferri,трансферрин,95.24,🟠 Частичное совпадение,0,10,0
916,Transferrin_7,transferr,трансферрин,90.00,🟠 Частичное совпадение,0,9,0
917,Витамин 25(OH) D_0,D Витамин Z5(OH),витамин d,75.00,❌ Неверное совпадение,7,4,1
918,Витамин 25(OH) D_1,Витамн 25(OH) D,витамин d,90.32,❌ Неверное совпадение,6,3,2
919,Витамин 25(OH) D_2,Виамин 25(OH) D,витамин d,90.32,❌ Неверное совпадение,6,3,2
920,Витамин 25(OH) D_3,Витамин 25(OH)D,витамин d,90.32,❌ Неверное совпадение,7,3,2
921,Витамин 25(OH) D_4,Витамин2(OH) D,витамин d,86.67,❌ Неверное совпадение,7,3,1
922,Витамин 25(OH) D_6,Витамин 25(H) D,витамин d,96.77,❌ Неверное совпадение,7,2,2
923,Витамин 25(OH) D_7,Витамин 25(OH) ,витамин d,86.67,❌ Неверное совпадение,7,2,2
924,25-OH витамин D_0,25-OH вит амин D,витамин d,90.32,❌ Неверное совпадение,7,3,2
925,25-OH витамин D_1, 25-OH витамин,витамин d,85.71,❌ Неверное совпадение,7,2,2
926,25-OH витамин D_2,25-OH ви тамин D,витамин d,90.32,❌ Неверное совпадение,7,3,2
927,25-OH витамин D_4,25-OH витамин,витамин d,85.71,❌ Неверное совпадение,7,2,2
928,25-OH витамин D_5,25-OH витамин ,витамин d,85.71,❌ Неверное совпадение,7,2,2
929,25-OH витамин D_6,25-H витамин D,витамин d,96.55,❌ Неверное совпадение,7,2,2
930,25-OH витамин D_7,25-OH втамин D,витамин d,89.66,❌ Неверное совпадение,6,3,2
931,25-Hydroxyvitamin D_0,25-Hydroxyvitamin,витамин d,94.44,🟠 Частичное совпадение,0,14,2
932,25-Hydroxyvitamin D_1,5-Hydroxyvitamin D,витамин d,97.30,🟠 Частичное совпадение,0,15,1
933,25-Hydroxyvitamin D_2,25-Hydroxy vitamin D,витамин d,97.44,🟠 Частичное совпадение,0,15,2
934,25-Hydroxyvitamin D_3,25-Hydroxyvitam in D,витамин d,97.44,🟠 Частичное совпадение,0,15,2
935,25-Hydroxyvitamin D_4,25-Hydroxуvitamin D,витамин d,100.00,✔️ Полное совпадение,1,14,2
936,25-Hydroxyvitamin D_5,25Hydroxyvitamin D,витамин d,97.30,🟠 Частичное совпадение,0,15,2
937,25-Hydroxyvitamin D_7,25-Hyroxyvitamin D,витамин d,97.30,🟠 Частичное совпадение,0,14,2
938,Витамин D3_0,итамиН D3,витамин d,94.74,🟠 Частичное совпадение,6,1,1
939,Витамин D3_1,Витами н D3,витамин d,95.24,🟠 Частичное совпадение,7,1,1
940,Витамин D3_2,ВитАмин D3,витамин d,100.00,✔️ Полное совпадение,7,1,1
941,Витамин D3_3,ВитаминD3,витамин d,94.74,🟠 Частичное совпадение,7,1,1
942,Витамин D3_4,ВитаМин D3,витамин d,100.00,✔️ Полное совпадение,7,1,1
943,Витамин D3_5,Витаин D3,витамин d,94.74,🟠 Частичное совпадение,6,1,1
944,Витамин D3_6,ВитамиD3,витамин d,88.89,🟠 Частичное совпадение,6,1,1
945,Холекальциферол_0,Холекальциферо,витамин d,96.55,🟠 Частичное совпадение,14,0,0
946,Холекальциферол_1,ХоЛекальциферол,витамин d,100.00,✔️ Полное совпадение,15,0,0
947,Холекальциферол_2,ХoлеКальциферол,витамин d,100.00,✔️ Полное совпадение,14,1,0
948,Холекальциферол_3,Холека льциферол,витамин d,96.77,🟠 Частичное совпадение,15,0,0
949,Холекальциферол_4,ХолЕкальцифер,витамин d,92.86,🟠 Частичное совпадение,13,0,0
950,Холекальциферол_5,Холеальциферол,витамин d,96.55,🟠 Частичное совпадение,14,0,0
951,Холекальциферол_6,Холекальцифер ол,витамин d,96.77,🟠 Частичное совпадение,15,0,0
952,Магний_0,Магни,магний,90.91,🟠 Частичное совпадение,5,0,0
953,Магний_1,агний,магний,90.91,🟠 Частичное совпадение,5,0,0
954,Магний_2,МаГний,магний,100.00,✔️ Полное совпадение,6,0,0
955,Магний_3,МагниЙ,магний,100.00,✔️ Полное совпадение,6,0,0
956,Магний_4,Магий,магний,90.91,🟠 Частичное совпадение,5,0,0
957,Magnesium_0,Magnes ium,магний,94.74,🟠 Частичное совпадение,0,9,0
958,Magnesium_2,Magnesum,магний,94.12,🟠 Частичное совпадение,0,8,0
959,Magnesium_3,M agnesium,магний,94.74,🟠 Частичное совпадение,0,9,0
960,Magnesium_4,Ma gnesium,магний,94.74,🟠 Частичное совпадение,0,9,0
961,Magnesium_5,Magnesiu,магний,94.12,🟠 Частичное совпадение,0,8,0
962,Magnesium_6,MagNesium,магний,100.00,✔️ Полное совпадение,0,9,0
963,Magnesium_7,Mag nesium,магний,94.74,🟠 Частичное совпадение,0,9,0
964,Mg_0,MG,магний,100.00,✔️ Полное совпадение,0,2,0
965,Mg_2,mg,магний,100.00,✔️ Полное совпадение,0,2,0
966,Фосфор_0,Фо сфор,фосфор,92.31,🟠 Частичное совпадение,6,0,0
967,Фосфор_1,Фоcфор,фосфор,100.00,✔️ Полное совпадение,5,1,0
968,Фосфор_3,ФосФор,фосфор,100.00,✔️ Полное совпадение,6,0,0
969,Фосфор_4,Фосфoр,фосфор,100.00,✔️ Полное совпадение,5,1,0
970,Фосфор_5,Ф осфор,фосфор,92.31,🟠 Частичное совпадение,6,0,0
971,Фосфор_6,осфор,фосфор,90.91,🟠 Частичное совпадение,5,0,0
972,Фосфор_7,ФоСфор,фосфор,100.00,✔️ Полное совпадение,6,0,0
973,Phosphorus_0,Phosphors,фосфор,94.74,🟠 Частичное совпадение,0,9,0
974,Phosphorus_1,Pho sphorus,фосфор,95.24,🟠 Частичное совпадение,0,10,0
975,Phosphorus_2,hosphorus,фосфор,94.74,🟠 Частичное совпадение,0,9,0
976,Phosphorus_3,Phosphor us,фосфор,95.24,🟠 Частичное совпадение,0,10,0
977,Phosphorus_4,Posphorus,фосфор,94.74,🟠 Частичное совпадение,0,9,0
978,Phosphorus_5,Phosp horus,фосфор,95.24,🟠 Частичное совпадение,0,10,0
979,Phosphorus_6,Phosphous,фосфор,94.74,🟠 Частичное совпадение,0,9,0
980,P_1,p,фосфор,100.00,✔️ Полное совпадение,0,1,0
981,Цинк_0,Цик,цинк,85.71,🟠 Частичное совпадение,3,0,0
982,Цинк_2,Ци нк,цинк,88.89,🟠 Частичное совпадение,4,0,0
983,Цинк_3,Цинk,цинк,100.00,✔️ Полное совпадение,3,1,0
984,Цинк_4,Цин,цинк,85.71,🟠 Частичное совпадение,3,0,0
985,Цинк_5,Ц инк,цинк,88.89,🟠 Частичное совпадение,4,0,0
986,Цинк_6,ЦИнк,цинк,100.00,✔️ Полное совпадение,4,0,0
987,Цинк_7,инк,цинк,85.71,🟠 Частичное совпадение,3,0,0
988,Zinc_0,Zic,цинк,85.71,🟠 Частичное совпадение,0,3,0
989,Zinc_1,ZinC,цинк,100.00,✔️ Полное совпадение,0,4,0
990,Zinc_2,Z inc,цинк,88.89,🟠 Частичное совпадение,0,4,0
991,Zinc_3,Zin,цинк,85.71,🟠 Частичное совпадение,0,3,0
992,Zinc_4,zinc,цинк,100.00,✔️ Полное совпадение,0,4,0
993,Zinc_6,inc,цинк,85.71,🟠 Частичное совпадение,0,3,0
994,Zn_0,zn,цинк,100.00,✔️ Полное совпадение,0,2,0
995,Селен_0,Селeн,селен,100.00,✔️ Полное совпадение,4,1,0
996,Селен_1,С елен,селен,90.91,🟠 Частичное совпадение,5,0,0
997,Селен_2,Селн,селен,88.89,🟠 Частичное совпадение,4,0,0
998,Селен_3,Селе,селен,88.89,🟠 Частичное совпадение,4,0,0
999,Селен_5,Сел ен,селен,90.91,🟠 Частичное совпадение,5,0,0
1000,Селен_6,СелеН,селен,100.00,✔️ Полное совпадение,5,0,0
1001,Селен_7,СеЛен,селен,100.00,✔️ Полное совпадение,5,0,0
1002,Selenium_0,SeleniuM,селен,100.00,✔️ Полное совпадение,0,8,0
1003,Selenium_1,5elenium,селен,87.50,🟠 Частичное совпадение,0,7,1
1004,Selenium_2,elenium,селен,93.33,🟠 Частичное совпадение,0,7,0
1005,Selenium_3,Selnium,селен,93.33,🟠 Частичное совпадение,0,7,0
1006,Selenium_5,enium,селен,76.92,🟠 Частичное совпадение,0,5,0
1007,Selenium_6,SelEn ium,селен,94.12,🟠 Частичное совпадение,0,8,0
1008,Selenium_7,Selеnium,селен,100.00,✔️ Полное совпадение,1,7,0
1009,Se_1,Sе,-,0.00,❌ Неверное совпадение,1,1,0
1010,Медь_0,М едь,медь,88.89,🟠 Частичное совпадение,4,0,0
1011,Медь_1,Ме дь,медь,88.89,🟠 Частичное совпадение,4,0,0
1012,Медь_2,Меь,медь,85.71,🟠 Частичное совпадение,3,0,0
1013,Медь_4,Мдь,медь,85.71,🟠 Частичное совпадение,3,0,0
1014,Медь_5,едь,медь,85.71,🟠 Частичное совпадение,3,0,0
1015,Медь_6,МеДь,медь,100.00,✔️ Полное совпадение,4,0,0
1016,Медь_7,Мед,медь,85.71,🟠 Частичное совпадение,3,0,0
1017,Copper_0,COpper,медь,100.00,✔️ Полное совпадение,0,6,0
1018,Copper_1,C opper,медь,92.31,🟠 Частичное совпадение,0,6,0
1019,Copper_3,Coppe,медь,90.91,🟠 Частичное совпадение,0,5,0
1020,Copper_4,Copp er,медь,92.31,🟠 Частичное совпадение,0,6,0
1021,Copper_5,Coper,медь,90.91,🟠 Частичное совпадение,0,5,0
1022,Copper_6,Coppr,медь,90.91,🟠 Частичное совпадение,0,5,0
1023,Copper_7,Coppеr,медь,100.00,✔️ Полное совпадение,1,5,0
1024,Cu_0,CU,медь,100.00,✔️ Полное совпадение,0,2,0
1025,Cu_1,cu,медь,100.00,✔️ Полное совпадение,0,2,0
